SKU,DESCRIPTION,BRAND,CATG,GROUP,VENDOR,REPLACE_COST
7703-6/6,E KING MICAH FIRM,EASTMAN,MATT,KING,BIA,468.00
7703-6/7,CAKING MICAH FIRM,EASTMAN,MATT,CAKING,BIA,468.00
7704-3/3,TWIN MICAH PLUSH,EASTMAN,MATT,TWIN,BIA,220.00
7704-4/6,FULL MICAH PLUSH,EASTMAN,MATT,FULL,BIA,303.00
7704-5/0,QUEEN MICAH PLUSH,EASTMAN,MATT,QUEEN,BIA,358.00
7704-6/6,E KING MICAH PLUSH,EASTMAN,MATT,KING,BIA,468.00
7705-3/3,TWIN MICAH E/T,EASTMAN,MATT,TWIN,BIA,248.00
7705-36X84,SPLIT CK MICAH E/T,EASTMAN,MATT,SPLCAK,BIA,263.00
7705-3X,TWINXL MICAH E/T,EASTMAN,MATT,TWINXL,BIA,263.00
7705-4/6,FULL MICAH E/T,EASTMAN,MATT,FULL,BIA,330.00
7705-4XL,FULLXL MICAH E/T,EASTMAN,MATT,FULLXL,BIA,385.00
7705-5/0,QUEEN MICAH E/T,EASTMAN,MATT,QUEEN,BIA,385.00
7705-6/6,E KING MICAH E/T,EASTMAN,MATT,KING,BIA,495.00
7705-6/7,CAKING MICAH E/T,EASTMAN,MATT,CAKING,BIA,495.00
7705-66x80,OLYMPIC QUEEN MICAH E/T,EASTMAN,MATT,QUEEN,BIA,595.00
7706-3/3,TWIN ROYAL SANDS FIRM,EASTMAN,MATT,TWIN,BIA,455.00
7706-3X,TWINXL ROYAL SANDS FIRM,EASTMAN,MATT,TWINXL,BIA,470.00
7706-4/6,FULL ROYAL SANDS FIRM,EASTMAN,MATT,FULL,BIA,515.00
7706-4XL,FULLXL ROYAL SANDS FIRM,EASTMAN,MATT,FULLXL,BIA,535.00
7706-5/0,QUEEN ROYAL SANDS FIRM,EASTMAN,MATT,QUEEN,BIA,535.00
7706-6/6,E KING ROYAL SANDS FIRM,EASTMAN,MATT,KING,BIA,665.00
7706-6/7,CAKING ROYAL SANDS FIRM,EASTMAN,MATT,CAKING,BIA,665.00
7707-3/3,TWIN ROYAL SANDS PLUSH,EASTMAN,MATT,TWIN,BIA,455.00
7707-36X84,SPLIT CK ROYAL SANDS PS,EASTMAN,MATT,SPLCAK,BIA,470.00
7707-4/6,FULL ROYAL SANDS PLUSH,EASTMAN,MATT,FULL,BIA,515.00
7707-5/0,QUEEN ROYAL SANDS PLUSH,EASTMAN,MATT,QUEEN,BIA,535.00
7707-6/6,E KING ROYAL SANDS PLUSH,EASTMAN,MATT,KING,BIA,665.00
7707-6/7,CAKING ROYAL SANDS PLUSH,EASTMAN,MATT,CAKING,BIA,665.00
7708-3/3,TWIN ROYAL SANDS P/T,EASTMAN,MATT,TWIN,BIA,480.00
7708-3X,TWINXL ROYAL SANDS P/T,EASTMAN,MATT,TWINXL,BIA,495.00
7708-4/6,FULL ROYAL SANDS P/T,EASTMAN,MATT,FULL,BIA,550.00
7708-5/0,QUEEN ROYAL SANDS P/T,EASTMAN,MATT,QUEEN,BIA,570.00
7708-6/6,E KING ROYAL SANDS P/T,EASTMAN,MATT,KING,BIA,700.00
7708-6/7,CAKING ROYAL SANDS P/T,EASTMAN,MATT,CAKING,BIA,700.00
7915-3/3,TWIN AVALON EXTRA FIRM,EASTMAN,MATT,TWIN,BIA,265.00
7915-3X,TWINXL AVALON EXTRA FIRM,EASTMAN,MATT,TWINXL,BIA,285.00
7915-4/6,FULL AVALON EXTRA FIRM,EASTMAN,MATT,FULL,BIA,355.00
7915-5/0,QUEEN AVALON EXTRA FIRM,EASTMAN,MATT,QUEEN,BIA,410.00
7915-6/6,E KING AVALON EXTRA FIRM,EASTMAN,MATT,KING,BIA,530.00
7915-6/7,CAKING AVALON EXTRA FIRM,EASTMAN,MATT,CAKING,BIA,530.00
7917-3/3,TWIN AVALON PLUSH,EASTMAN,MATT,TWIN,BIA,265.00
7917-3X,TWINXL AVALON PLUSH,EASTMAN,MATT,TWINXL,BIA,285.00
7917-4/6,FULL AVALON PLUSH,EASTMAN,MATT,FULL,BIA,355.00
7917-5/0,QUEEN AVALON PLUSH,EASTMAN,MATT,QUEEN,BIA,410.00
7917-6/6,E KING AVALON PLUSH,EASTMAN,MATT,KING,BIA,530.00
7917-6/7,CAKING AVALON PLUSH,EASTMAN,MATT,CAKING,BIA,530.00
7919-3/3,TWIN AVALON ULTRA P/T,EASTMAN,MATT,TWIN,BIA,295.00
7919-36X84,SPLIT CK AVALON ULTRA P/T,EASTMAN,MATT,SPLCAK,BIA,315.00
7919-3X,TWINXL AVALON ULTRA P/T,EASTMAN,MATT,TWINXL,BIA,315.00
7919-4/6,FULL AVALON ULTRA P/T,EASTMAN,MATT,FULL,BIA,385.00
7919-4XL,FULLXL AVALON ULTRA P/T,EASTMAN,MATT,FULLXL,BIA,455.00
7919-5/0,QUEEN AVALON ULTRA P/T,EASTMAN,MATT,QUEEN,BIA,455.00
7919-6/6,E KING AVALON ULTRA P/T,EASTMAN,MATT,KING,BIA,565.00
7919-6/7,CAKING AVALON ULTRA P/T,EASTMAN,MATT,CAKING,BIA,565.00
7921-3/3,TWIN AVALON UTRA-X-FIRM,EASTMAN,MATT,TWIN,BIA,265.00
7921-3X,TWINXL AVALON ULTRA-X-FIRM,EASTMAN,MATT,TWINXL,BIA,285.00
7921-4/6,FULL AVALON ULTRA-X-FIRM,EASTMAN,MATT,FULL,BIA,355.00
7921-5/0,QUEEN AVALON ULTRA-X-FIRM,EASTMAN,MATT,QUEEN,BIA,410.00
7921-6/6,E KING AVALON ULTRA-X-FIRM,EASTMAN,MATT,KING,BIA,530.00
7921-6/7,CAKING AVALON ULTRA-X-FIRM,EASTMAN,MATT,CAKING,BIA,530.00
8070-3X,"TWINXL SEVILLE FND 9""",EASTMAN,FOUND,TXLFND,BIA,80.00
8070-5/0,"QUEEN SEVILLE FND 9""",EASTMAN,FOUND,QUFND,BIA,100.00
8270-5/0,"QUEEN LP SEVILLE FND 5""",EASTMAN,FOUND,QUFND,BIA,100.00
9610-3/3,TWIN CALI BREEZE PLUSH,EASTMAN,MATT,TWIN,BIA,370.00
9610-36X84,SPLIT CK CALI BREEZE PLUSH,EASTMAN,MATT,SPLCAK,BIA,395.00
9610-3X,TWINXL CALI BREEZE PLUSH,EASTMAN,MATT,TWINXL,BIA,395.00
9610-4/6,FULL CALI BREEZE PLUSH,EASTMAN,MATT,FULL,BIA,470.00
9610-5/0,QUEEN CALI BREEZE PLUSH,EASTMAN,MATT,QUEEN,BIA,570.00
9610-6/6,E KING CALI BREEZE PLUSH,EASTMAN,MATT,KING,BIA,720.00
9610-6/7,CAKING CALI BREEZE PLUSH,EASTMAN,MATT,CAKING,BIA,720.00
9611-3/3,TWIN CALI BREEZE FIRM,EASTMAN,MATT,TWIN,BIA,370.00
9611-36X84,SPLIT CK CALI BREEZE FIRM,EASTMAN,MATT,SPLCAK,BIA,395.00
9611-3X,TWINXL CALI BREEZE FIRM,EASTMAN,MATT,TWINXL,BIA,395.00
9611-4/6,FULL CALI BREEZE FIRM,EASTMAN,MATT,FULL,BIA,470.00
9611-5/0,QUEEN CALI BREEZE FIRM,EASTMAN,MATT,QUEEN,BIA,570.00
9611-6/6,E KING CALI BREEZE FIRM,EASTMAN,MATT,KING,BIA,720.00
9611-6/7,CAKING CALI BREEZE FIRM,EASTMAN,MATT,CAKING,BIA,720.00
1005-3/3,TWIN GLACIER TUFTED E/T FIRM,ECLIPSE,MATT,TWIN,BIA,315.00
1005-3X,TWINXL GLACIER TUFTED E/T FIRM,ECLIPSE,MATT,TWINXL,BIA,335.00
1005-4/6,FULL GLACIER TUFTED E/T FIRM,ECLIPSE,MATT,FULL,BIA,405.00
1005-5/0,QUEEN GLACIER TUFTED E/T FIRM,ECLIPSE,MATT,QUEEN,BIA,475.00
1005-6/6,E KING GLACIER TUFTED E/T FIRM,ECLIPSE,MATT,KING,BIA,595.00
1005-6/7,CAKING GLACIER TUFTED E/T FIRM,ECLIPSE,MATT,CAKING,BIA,595.00
1010-3/3,TWIN GLACIER TUFTED E/T PLUSH,ECLIPSE,MATT,TWIN,BIA,315.00
1010-3X,TWINXL GLACIER TUFTED E/T PS,ECLIPSE,MATT,TWINXL,BIA,335.00
1010-4/6,FULL GLACIER TUFTED E/T PLUSH,ECLIPSE,MATT,FULL,BIA,405.00
1010-5/0,QUEEN GLACIER TUFTED E/T PLUSH,ECLIPSE,MATT,QUEEN,BIA,475.00
1010-6/6,E KING GLACIER TUFTED E/T PS,ECLIPSE,MATT,KING,BIA,595.00
1010-6/7,CAKING GLACIER TUFTED E/T PS,ECLIPSE,MATT,CAKING,BIA,595.00
3020-3/3,TWIN ICE TUFTED E/T FIRM,ECLIPSE,MATT,TWIN,BIA,315.00
3020-3X,TWINXL ICE TUFTED E/T FIRM,ECLIPSE,MATT,TWINXL,BIA,335.00
3020-4/6,FULL ICE TUFTED E/T FIRM,ECLIPSE,MATT,FULL,BIA,405.00
3020-5/0,QUEEN ICE TUFTED E/T FIRM,ECLIPSE,MATT,QUEEN,BIA,475.00
3020-6/6,E KING ICE TUFTED E/T FIRM,ECLIPSE,MATT,KING,BIA,595.00
3020-6/7,CAKING ICE TUFTED E/T FIRM,ECLIPSE,MATT,CAKING,BIA,595.00
3020-QFH,QUEEN SPLIT-HEAD ICE FIRM,ECLIPSE,MATT,QUEEN,BIA,725.00
3022-3/3,TWIN ICE TUFTED E/T PLUSH,ECLIPSE,MATT,TWIN,BIA,315.00
3022-3X,TWINXL ICE TUFTED E/T PS,ECLIPSE,MATT,TWINXL,BIA,335.00
3022-4/6,FULL ICE TUFTED E/T PLUSH,ECLIPSE,MATT,FULL,BIA,405.00
3022-5/0,QUEEN ICE TUFTED E/T PLUSH,ECLIPSE,MATT,QUEEN,BIA,475.00
3022-6/6,E KING ICE TUFTED E/T PS,ECLIPSE,MATT,KING,BIA,595.00
3022-6/7,CAKING ICE TUFTED E/T PS,ECLIPSE,MATT,CAKING,BIA,595.00
5335-4/6,"FULL CARES JOYFULNESS 11""",ECLIPSE,MATT,FULL,BIA,269.00
5335-5/0,"QUEEN CARES JOYFULNESS 11""",ECLIPSE,MATT,QUEEN,BIA,309.00
5335-6/6,"E KING CARES JOYFULNESS 11""",ECLIPSE,MATT,KING,BIA,389.00
5336-3/3,"TWIN CARES PEACEFULNESS 12""",ECLIPSE,MATT,TWIN,BIA,239.00
5336-5/0,"QUEEN CARES PEACEFULNESS 12""",ECLIPSE,MATT,QUEEN,BIA,339.00
5336-6/6,"E KING CARES PEACEFULNESS 12""",ECLIPSE,MATT,KING,BIA,429.00
5337-3X,"TWINXL CARES KINDNESS 13""",ECLIPSE,MATT,TWINXL,BIA,309.00
7700-3/3,TWIN SPRUCE FIRM,ECLIPSE,MATT,TWIN,BIA,140.00
7700-3X,TWINXL SPRUCE FIRM,ECLIPSE,MATT,TWINXL,BIA,180.00
7700-4/6,FULL SPRUCE FIRM,ECLIPSE,MATT,FULL,BIA,180.00
7700-5/0,QUEEN SPRUCE FIRM,ECLIPSE,MATT,QUEEN,BIA,210.00
7700-6/6,E KING SPRUCE FIRM,ECLIPSE,MATT,KING,BIA,285.00
7700-6/7,CAKING SPRUCE FIRM,ECLIPSE,MATT,CAKING,BIA,285.00
7702-3/3,TWIN SPRUCE P/T,ECLIPSE,MATT,TWIN,BIA,180.00
7702-3X,TWINXL SPRUCE P/T,ECLIPSE,MATT,TWINXL,BIA,240.00
7702-4/6,FULL SPRUCE P/T,ECLIPSE,MATT,FULL,BIA,240.00
7702-5/0,QUEEN SPRUCE P/T,ECLIPSE,MATT,QUEEN,BIA,280.00
7702-6/6,E KING SPRUCE P/T,ECLIPSE,MATT,KING,BIA,355.00
7702-6/7,CAKING SPRUCE P/T,ECLIPSE,MATT,CAKING,BIA,355.00
DIMPLEPROTFL,FULL DIMPLED MATT PROTECTOR,ELUXU,PROT,FUPRO,ELUXU,14.50
DIMPLEPROTKG,E KING DIMPLED MATT PROTECTOR,ELUXU,PROT,EKPRO,ELUXU,18.00
EF1.5FMTOPPERFL,"FULL MEM TOPPER 1.5""",ELUXU,TOPBED,TOPPER,ELUXU,35.74
EF1.5FMTOPPERQN,"QUEEN MEM TOPPER 1.5""",ELUXU,TOPBED,TOPPER,ELUXU,43.50
EF3.0FMTOPPERCK,"CAKING MEM TOPPER 3""",ELUXU,TOPBED,TOPPER,ELUXU,103.50
EF3.0FMTOPPERKG,"E KING MEM TOPPER 3""",ELUXU,TOPBED,TOPPER,ELUXU,102.50
EF3.0FMTOPPERQN,"QUEEN MEM TOPPER 3""",ELUXU,TOPBED,TOPPER,ELUXU,82.00
ELXBTPAD-CK,CAKING BAMBOO MATTRESS PAD,ELUXU,TOPBED,TOPPER,ELUXU,56.00
ELXBTPAD-KG,E KING BAMBOO MATTRESS PAD,ELUXU,TOPBED,TOPPER,ELUXU,54.50
ELXBTPAS-QN,QUEEN BAMBOO MATTRESS PAD,ELUXU,TOPBED,TOPPER,ELUXU,47.50
ELXPWDLJAC-SINGLE,QU/STD JACQ. DOWN-ALT PILLOW,ELUXU,PILLOW,PILLOW,ELUXU,11.50
ELXPWDLJAC-UNC-BLUE,QU/STD JACQ. DOWN-ALT PILLOW,ELUXU,PILLOW,PILLOW,ELUXU,23.00
GRENADAHB-GY-FQ,QUEEN/FULL GRENADA HB GRAY,ELUXU,FURN,HBOARD,ELUXU,165.50
INVIS-ENC-CK,CAKING 360 INVISACASE ENCASE,ELUXU,PROT,CKPRO,ELUXU,22.50
INVIS-ENC-KG,E KING 360 INVISACASE ENCASE,ELUXU,PROT,EKPRO,ELUXU,22.00
INVIS-ENC-TXL,TWINXL 360 INVISACASE ENCASE,ELUXU,PROT,TXLPRO,ELUXU,14.50
TERRYPROTFL,FULL PREMIUM MATT PROTECTOR,ELUXU,PROT,FUPRO,ELUXU,13.00
TERRYPROTKG,E KING PREMIUM MATT PROTECTOR,ELUXU,PROT,EKPRO,ELUXU,16.50
TERRYPROTQN,QUEEN PREMIUM MATT PROTECTOR,ELUXU,PROT,QUPRO,ELUXU,14.50
TERRYPROTTW,TWIN PREMIUM MATT PROTECTOR,ELUXU,PROT,TWPRO,ELUXU,12.00
Z1ENAD1PB1-6080,QUEEN ALLENDALE GRAND PLUSH ET,ENGLANDER,MATT,QUEEN,SOUTH,1079.00
Z1ENEX1FT1-6080,QUEEN ESSEX FIRM,ENGLANDER,MATT,QUEEN,SOUTH,436.00
Z1ENEX1PP1-7284,CAKING ESSEX GEL VISCO P/T,ENGLANDER,MATT,CAKING,SOUTH,673.00
Z1ENGR1FT1-3684,SPLIT CK GRENADIER HD FIRM,ENGLANDER,MATT,SPLCAK,SOUTH,255.00
Z1ENGR1FT1-3974,TWIN GRENADIER HD FIRM,ENGLANDER,MATT,TWIN,SOUTH,243.00
Z1ENGR1FT1-3980,TWINXL GRENADIER HD FIRM,ENGLANDER,MATT,TWINXL,SOUTH,255.00
Z1ENGR1FT1-5474,FULL GRENADIER HD FIRM,ENGLANDER,MATT,FULL,SOUTH,299.00
Z1ENGR1FT1-5480XL,FULLXL GRENADIER HD FIRM,ENGLANDER,MATT,FULLXL,SOUTH,331.00
Z1ENGR1FT1-6080,QUEEN GRENADIER HD FIRM,ENGLANDER,MATT,QUEEN,SOUTH,331.00
Z1ENGR1FT1-7284,CAKING GRENADIER HD FIRM,ENGLANDER,MATT,CAKING,SOUTH,436.00
Z1ENGR1FT1-7680,E KING GRENADIER HD FIRM,ENGLANDER,MATT,KING,SOUTH,436.00
Z1ENGR1PP1-3684,SPLIT CK GRENADIER HD P/T,ENGLANDER,MATT,SPLCAK,SOUTH,288.00
Z1ENGR1PP1-3974,TWIN GRENADIER HD P/T,ENGLANDER,MATT,TWIN,SOUTH,275.00
Z1ENGR1PP1-3980,TWINXL GRENADIER HD P/T,ENGLANDER,MATT,TWINXL,SOUTH,288.00
Z1ENGR1PP1-5474,FULL GRENADIER HD P/T,ENGLANDER,MATT,FULL,SOUTH,326.00
Z1ENGR1PP1-5480XL,FULLXL GRENADIER HD P/T,ENGLANDER,MATT,FULLXL,SOUTH,357.00
Z1ENGR1PP1-6080,QUEEN GRENADIER HD P/T,ENGLANDER,MATT,QUEEN,SOUTH,357.00
Z1ENGR1PP1-7284,CAKING GRENADIER HD P/T,ENGLANDER,MATT,CAKING,SOUTH,453.00
Z1ENGR1PP1-7680,E KING GRENADIER HD P/T,ENGLANDER,MATT,KING,SOUTH,453.00
Z4ENAY1PP1-7680,EKING AMESBURY PLUSH PILLOWTOP,ENGLANDER,MATT,KING,SOUTH,526.00
BT2000Q,QUEEN ADJ BT2000 HEAD/FOOT,EREST,ADJUST,QUADJ,EREST,299.00
BT4000K,E KING ADJ BT4000 WALLHUG 1-PC,EREST,ADJUST,EKADJ,EREST,649.00
H100IRQ,QUEEN EASY REST ADJ,EREST,ADJUST,QUADJ,EREST,379.00
LUX-1050,"QUEEN GEL LUX 10"" DISCO",EREST,MATT,QUEEN,EREST,275.00
LUX-1250,"QUEEN GEL LUX 12"" DISCO",EREST,MATT,QUEEN,EREST,325.00
PC1450,"QUEEN  DREAM 14"" POCKETED COIL",EREST,MATT,QUEEN,EREST,329.00
SERVICE001,REPLACE MOTOR AND CONTROL BOX,EREST,NONINV,VDSDEL,CSIHV,0.00
SERVICE002,INSTALL MOTOR & CONTROL BOX,EREST,NONINV,VDSDEL,CSIHV,0.00
801.0,QUEEN BAMBOO PILLOW,GUARD,PILLOW,PILLOW,GUARD,9.00
CKS,CAKING SUPREME PROTECTOR,GUARD,PROT,CKPRO,GUARD,14.00
FC,FULL COOL TOUCH PROTECTOR,GUARD,PROT,FUPRO,GUARD,15.00
FLC,FULLXL COOL TOUCH PROTECTOR,GUARD,PROT,FXLPRO,GUARD,16.00
FLS,FULLXL SUPREME PROTECTOR,GUARD,PROT,FXLPRO,GUARD,10.00
FS,FULL SUPREME PROTECTOR,GUARD,PROT,FUPRO,GUARD,10.00
KC,E KING COOL TOUCH PROTECTOR,GUARD,PROT,EKPRO,GUARD,21.00
KCP,KING COOLTOUCH PILL. PROTECTOR,GUARD,PROT,PILPRO,GUARD,9.00
KSP,KING SUPREME PILLOW PRO,GUARD,PROT,PILPRO,GUARD,18.00
QC,QUEEN COOL TOUCH PROTECTOR,GUARD,PROT,QUPRO,GUARD,17.00
QCP,QU PILL. COOLTOUCH PROTECTOR,GUARD,PROT,PILPRO,GUARD,8.00
QSP,QUEEN SUPREME PILLOW PROTECTOR,GUARD,PROT,PILPRO,GUARD,15.00
SCKC,SPLIT CK COOL TOUCH PROTECTOR,GUARD,PROT,SCKPRO,GUARD,15.00
SCKS,SPLIT CK SUPREME PROTECTER,GUARD,PROT,SCKPRO,GUARD,13.00
SG-SZ-T,TWIN SF ZIPPER COVER PROTECTOR,GUARD,PROT,TWPRO,GUARD,30.00
TC,TWIN COOL TOUCH PROTECTOR,GUARD,PROT,TWPRO,GUARD,12.00
TLC,TWINXL COOL TOUCH PROTECTOR,GUARD,PROT,TXLPRO,GUARD,15.00
TLS,TWINXL SUPREME PROTECTOR,GUARD,PROT,TXLPRO,GUARD,13.00
TS,TWIN SUPREME PROTECTOR,GUARD,PROT,TWPRO,GUARD,8.00
0075-3/3,"TWIN HARVEST GREEN FND 9""",HARVEST,FOUND,TWFND,BIA,83.00
0075-36X84,"SPLIT CK HARVEST GREEN FND 9""",HARVEST,FOUND,SCKFND,BIA,89.00
0075-3X,"TWINXL HARVEST GREEN FND 9""",HARVEST,FOUND,TXLFND,BIA,89.00
0075-4/6,"FULL HARVEST GREEN FND 9""",HARVEST,FOUND,FUFND,BIA,108.00
0075-5/0,"QUEEN HARVEST GREEN FND 9""",HARVEST,FOUND,QUFND,BIA,119.00
0076-3/3,"TWIN LP HARVEST GREEN FND 5""",HARVEST,FOUND,TWFND,BIA,83.00
0076-3X,"TWINXL LP HARVEST GREEN FND 5""",HARVEST,FOUND,TXLFND,BIA,89.00
0076-4/6,"FULL LP HARVEST GREEN FND 5""",HARVEST,FOUND,FUFND,BIA,108.00
0076-5/0,"QUEEN LP HARVEST GREEN FND 5""",HARVEST,FOUND,QUFND,BIA,119.00
1050-6/6,E KINGHARVEST GREEN TOPPER - SOFT,HARVEST,TOPBED,TOPPER,BIA,335.00
1050-6/7,CK HARVEST GREEN TOPPER - SOFT,HARVEST,TOPBED,TOPPER,BIA,335.00
1055-3/3,TWIN HARVESTGREEN ESSENTIALS,HARVEST,MATT,TWIN,BIA,275.00
1055-3X,TWINXL HARVESTGREEN ESSENTIALS,HARVEST,MATT,TWINXL,BIA,300.00
1055-4/6,FULL HARVESTGREEN ESSENTIALS,HARVEST,MATT,FULL,BIA,350.00
1055-5/0,QUEEN HARVESTGREEN ESSENTIALS,HARVEST,MATT,QUEEN,BIA,470.00
1055-6/6,E KING HARVESTGREEN ESSENTIALS,HARVEST,MATT,KING,BIA,525.00
1055-6/7,CAKING HARVESTGREEN ESSENTIALS,HARVEST,MATT,CAKING,BIA,525.00
1060-3/3,TWIN HARVEST GREEN ORIGINAL,HARVEST,MATT,TWIN,BIA,490.00
1060-4/6,FULL HARVEST GREEN ORIGINAL,HARVEST,MATT,FULL,BIA,570.00
1060-5/0,QUEEN HARVEST GREEN ORIGINAL,HARVEST,MATT,QUEEN,BIA,730.00
1060-6/6,E KING HARVEST GREEN ORIGINAL,HARVEST,MATT,KING,BIA,890.00
1060-6/7,CAKING HARVEST GREEN ORIGINAL,HARVEST,MATT,CAKING,BIA,890.00
1065-3/3,TWIN HARVEST GREEN P/T,HARVEST,MATT,TWIN,BIA,590.00
1065-4/6,FULL HARVEST GREEN P/T,HARVEST,MATT,FULL,BIA,760.00
1065-5/0,QUEEN HARVEST GREEN P/T,HARVEST,MATT,QUEEN,BIA,940.00
1065-6/6,E KING HARVEST GREEN P/T,HARVEST,MATT,KING,BIA,1100.00
1065-6/7,CAKING HARVEST GREEN P/T,HARVEST,MATT,CAKING,BIA,1100.00
1075-5/0,QN HARVEST GREEN P/T (2 SIDED),HARVEST,MATT,QUEEN,BIA,1000.00
HEBS46-5475,FULL BIRCH NATURAL,HELIX,MATT,FULL,SOUTH,631.00
HEBS50-6080,QUEEN BIRCH NATURAL,HELIX,MATT,QUEEN,SOUTH,663.00
HEXDUC50-6080,QUEEN DUSK LUXE - GLACIOTEX,HELIX,MATT,QUEEN,SOUTH,717.00
HEXELITEMI_FP-6080,QUEEN MIDNIGHT-ELITE MEDIUM,HELIX,MATT,QUEEN,SOUTH,973.00
HEXELITEMI_FP-7284,CAKING MIDNIGHT-ELITE MEDIUM,HELIX,MATT,CAKING,SOUTH,1129.00
HEXELITEMI_FP-7680,E KING MIDNIGHT-ELITE MEDIUM,HELIX,MATT,KING,SOUTH,1126.00
HEXELITETW_FP-6080,QUEEN TWILIGHT-ELITE FIRM,HELIX,MATT,QUEEN,SOUTH,973.00
HEXELITETW_FP-7284,CAKING TWILIGHT-ELITE FIRM,HELIX,MATT,CAKING,SOUTH,1129.00
HEXELITETW_FP-7680,E KING TWILIGHT-ELITE FIRM,HELIX,MATT,KING,SOUTH,1126.00
HEXMI66-7680,E KINGMIDNIGHT LUXE MED TC/LL,HELIX,MATT,KING,SOUTH,777.00
HEXMICK66-7680,E KING MIDNIGHT-LUXE GT/CF,HELIX,MATT,KING,SOUTH,911.00
HEXMIC_FP-3975,TWIN MIDNIGHT-LUXE MEDIUM,HELIX,MATT,TWIN,SOUTH,446.00
HEXMIC_FP-5475,FULL MIDNIGHT-LUXE MEDIUM,HELIX,MATT,FULL,SOUTH,595.00
HEXMIC_FP-6080,QUEEN MIDNIGHT-LUXE MEDIUM,HELIX,MATT,QUEEN,SOUTH,677.00
HEXMIC_FP-7284,CAKING MIDNIGHT-LUXE MEDIUM,HELIX,MATT,CAKING,SOUTH,806.00
HEXMIC_FP-7680,E KING MIDNIGHT-LUXE MEDIUM,HELIX,MATT,KING,SOUTH,803.00
HEXMIL66-7680,E KINGMIDNIGHT LUXE MED TC/EA,HELIX,MATT,KING,SOUTH,848.00
HEXMILC-7680,E KINGMIDNIGHT LUXE MED-ERGOALIGN,HELIX,MATT,KING,SOUTH,917.00
HEXMILC66-7680,E KINGLUXE GLACIOTEX/ERGO ALIGN,HELIX,MATT,KING,SOUTH,858.00
HEXMILC67-7284,CK MIDNIGHT LUXE MED-ERGOALIGN,HELIX,MATT,CAKING,SOUTH,917.00
HEXMILCK66-7680,E KINGMIDNIGHT-LUXE MED GT/EA/CF,HELIX,MATT,KING,SOUTH,967.00
HEXSMIC66-7680,E KINGMIDNIGHT MEDIUM - GLACIOTEX,HELIX,MATT,KING,SOUTH,591.00
HEXSMIL-7284,CK MIDNIGHT MED W/ ERGOALIGN,HELIX,MATT,CAKING,SOUTH,590.00
HEXSMIL50-6080,QN MIDNIGHT MEDIUM - ERGOALIGN,HELIX,MATT,QUEEN,SOUTH,476.00
HEXSMI_FP-3975,TWIN MIDNIGHT MEDIUM,HELIX,MATT,TWIN,SOUTH,262.00
HEXSMI_FP-5475,FULL MIDNIGHT MEDIUM,HELIX,MATT,FULL,SOUTH,343.00
HEXSMI_FP-6080,QUEEN MIDNIGHT MEDIUM,HELIX,MATT,QUEEN,SOUTH,379.00
HEXSMI_FP-7284,CAKING MIDNIGHT MEDIUM,HELIX,MATT,CAKING,SOUTH,470.00
HEXSMI_FP-7680,E KING MIDNIGHT MEDIUM,HELIX,MATT,KING,SOUTH,468.00
HEXSSU_FP-6080,QUEEN SUNSET (NON-COOLING),HELIX,MATT,QUEEN,SOUTH,379.00
HEXSTW_FP-3975,TWIN TWILIGHT FIRM,HELIX,MATT,TWIN,SOUTH,262.00
HEXSTW_FP-3980,TWINXL TWILIGHT FIRM,HELIX,MATT,TWINXL,SOUTH,296.00
HEXSTW_FP-5475,FULL TWILIGHT FIRM,HELIX,MATT,FULL,SOUTH,343.00
HEXSTW_FP-6080,QUEEN TWILIGHT FIRM,HELIX,MATT,QUEEN,SOUTH,379.00
HEXSTW_FP-7284,CAKING TWILIGHT FIRM,HELIX,MATT,CAKING,SOUTH,470.00
HEXSTW_FP-7680,E KING TWILIGHT FIRM,HELIX,MATT,KING,SOUTH,468.00
HEXTWC_FP-3975,TWIN TWILIGHT-LUXE FIRM,HELIX,MATT,TWIN,SOUTH,446.00
HEXTWC_FP-5475,FULL TWILIGHT-LUXE FIRM,HELIX,MATT,FULL,SOUTH,595.00
HEXTWC_FP-6080,QUEEN TWILIGHT-LUXE FIRM,HELIX,MATT,QUEEN,SOUTH,677.00
HEXTWC_FP-7284,CAKING TWILIGHT-LUXE FIRM,HELIX,MATT,CAKING,SOUTH,806.00
HEXTWC_FP-7680,E KING TWILIGHT-LUXE FIRM,HELIX,MATT,KING,SOUTH,803.00
1139-2,TWIN ENGAUGE BED FRAME,KNICK,BED,FRAMES,KNICK,65.00
1154-2,FULL ENGAUGE BED FRAME,KNICK,BED,FRAMES,KNICK,70.00
1160-2,QUEEN ENGAUGE BED FRAME,KNICK,BED,FRAMES,KNICK,80.00
1172-2,CAKING ENGAUGE BED FRAME,KNICK,BED,FRAMES,KNICK,90.00
1176-2,E KING ENGAUGE BED FRAME,KNICK,BED,FRAMES,KNICK,90.00
2139-1T,TWIN WHITE emBRACE™ HD FRAME,KNICK,BED,FRAMES,KNICK,120.00
2139-2T,TWIN BLACK emBRACE™ HD FRAME,KNICK,BED,FRAMES,KNICK,120.00
2139-3T,TWIN BROWN emBRACE™ HD FRAME,KNICK,BED,FRAMES,KNICK,120.00
2139-4T,TWIN GRAY emBRACE™ HD FRAME,KNICK,BED,FRAMES,KNICK,120.00
2139-5T,TWIN RED emBRACE™ HD FRAME,KNICK,BED,FRAMES,KNICK,120.00
2139XL-1,TWINXL WHITE emBRACE™ HD FRAME,KNICK,BED,FRAMES,KNICK,125.00
2139XL-2,TWINXL BLACK emBRACE™ HD FRAME,KNICK,BED,FRAMES,KNICK,125.00
2139XL-3,TWINXL BROWN emBRACE™ HD FRAME,KNICK,BED,FRAMES,KNICK,125.00
2139XL-4,TWINXL GRAY emBRACE™ HD FRAME,KNICK,BED,FRAMES,KNICK,125.00
2139XL-5,TWINXL RED emBRACE™ HD FRAME,KNICK,BED,FRAMES,KNICK,125.00
2154-1F,FULL WHITE emBRACE™ HD FRAME,KNICK,BED,FRAMES,KNICK,135.00
2154-2F,FULL BLACK emBRACE™ HD FRAME,KNICK,BED,FRAMES,KNICK,135.00
2154-3F,FULL BROWN emBRACE™ HD FRAME,KNICK,BED,FRAMES,KNICK,135.00
2154-4F,FULL GRAY emBRACE™ HD FRAME,KNICK,BED,FRAMES,KNICK,135.00
2154-5F,FULL RED emBRACE™ HD FRAME,KNICK,BED,FRAMES,KNICK,135.00
2160-1Q,QUEEN WHITE emBRACE™ HD FRAME,KNICK,BED,FRAMES,KNICK,150.00
2160-2Q,QUEEN BLACK emBRACE™ HD FRAME,KNICK,BED,FRAMES,KNICK,150.00
2160-3Q,QUEEN BROWN emBRACE™ HD FRAME,KNICK,BED,FRAMES,KNICK,150.00
2160-4Q,QUEEN GRAY emBRACE™ HD FRAME,KNICK,BED,FRAMES,KNICK,150.00
2160-5Q,QUEEN RED emBRACE™ HD FRAME,KNICK,BED,FRAMES,KNICK,150.00
2172-1CK,CAKING WHITE emBRACE™ HD FRAME,KNICK,BED,FRAMES,KNICK,175.00
2172-2CK,CAKING BLACK emBRACE™ HD FRAME,KNICK,BED,FRAMES,KNICK,175.00
2172-3CK,CAKING BROWN emBRACE™ HD FRAME,KNICK,BED,FRAMES,KNICK,175.00
2172-4CK,CAKING GRAY emBRACE HD FRAME,KNICK,BED,FRAMES,KNICK,175.00
2176-1K,E KING WHITE emBRACE™ HD FRAME,KNICK,BED,FRAMES,KNICK,175.00
2176-2K,E KING BLACK emBRACE™ HD FRAME,KNICK,BED,FRAMES,KNICK,175.00
2176-3K,E KING BROWN emBRACE™ HD FRAME,KNICK,BED,FRAMES,KNICK,175.00
2176-4K,E KING GRAY emBRACE™ HD FRAME,KNICK,BED,FRAMES,KNICK,185.00
2176-5K,E KING RED emBRACE™ HD FRAME,KNICK,BED,FRAMES,KNICK,175.00
38G,T/F METAL FRAME W/GLIDES,KNICK,BED,FRAMES,KNICK,23.00
4139-4T,TWIN GRAY emBRACE360 HD FRAME,KNICK,BED,FRAMES,KNICK,150.00
4139XL-4,TWINXL GRY emBRACE360 HD FRAME,KNICK,BED,FRAMES,KNICK,175.00
4154-2F,FULL BLK emBRACE360 HD FRAME,KNICK,BED,FRAMES,KNICK,150.00
4160-1Q,QUEEN WHT emBRACE360 HD FRAME,KNICK,BED,FRAMES,KNICK,175.00
4160-2Q,QUEEN BLK emBRACE360 HD FRAME,KNICK,BED,FRAMES,KNICK,175.00
4172-2CK,CAKING BLK emBRACE360 HD FRAME,KNICK,BED,FRAMES,KNICK,200.00
4176-1EK,E KING WHT emBRACE360 HD FRAME,KNICK,BED,FRAMES,KNICK,200.00
4176-2EK,E KING BLK emBRACE360 HD FRAME,KNICK,BED,FRAMES,KNICK,200.00
4176-4EK,E KING GRY emBRACE360 HD FRAME,KNICK,BED,FRAMES,KNICK,200.00
4650G,Q/FXL/TXL METAL FRAME W/GLIDES,KNICK,BED,FRAMES,KNICK,38.00
6078G,CK/E KINGMETAL FRAME W/GLIDES,KNICK,BED,FRAMES,KNICK,44.00
BEDBEAM-CK,CAKING BEDBEAM SLAT SUPPORT,KNICK,BED,FRAMES,KNICK,85.00
BEDBEAM-EK,E KING BEDBEAM SLAT SUPPORT,KNICK,BED,FRAMES,KNICK,85.00
BEDBEAM-F,FULL BEDBEAM SLAT SUPPORT,KNICK,BED,FRAMES,KNICK,65.00
BEDBEAM-Q,QUEEN BEDBEAM SLAT SUPPORT,KNICK,BED,FRAMES,KNICK,75.00
EK-BOLT-IN-RAILS,"""PRODUCT #70""",KNICK,BED,FRAMES,KNICK,74.95
K/Q-WHEELS-KNICK,WHEELS ONLY FOR K/Q KNICK 6-PK,KNICK,BED,FRAMES,KNICK,9.00
KB2007-G,T/F/Q/K/CK 3-LEG SUPPORT FRAME,KNICK,BED,FRAMES,KNICK,59.95
KB618,T/F/Q/K/CK LOW PRO HD FRAME,KNICK,BED,FRAMES,KNICK,49.95
LAZARBEAM-CK,CAKING LAZARBEAM SLAT SUPPORT,KNICK,BED,FRAMES,KNICK,50.00
LAZARBEAM-EK,E KING LAZARBEAM SLAT SUPPORT,KNICK,BED,FRAMES,KNICK,45.00
LAZARBEAM-F,FULL LAZARBEAM SLAT SUPPORT,KNICK,BED,FRAMES,KNICK,35.00
LAZARBEAM-Q,QUEEN LAZARBEAM SLAT SUPPORT,KNICK,BED,FRAMES,KNICK,40.00
SM-SC-BIFD-75F,FULL JAYANNA BOX 9'' FND,KNICK,FOUND,FUFND,KINGS,200.00
T/F-WHEELS-KNICK,WHEELS ONLY FOR T/F KNICK 4-PK,KNICK,BED,FRAMES,KNICK,6.00
WHEEL-KNICK,WHEEL FOR KNICKERBOCKER FRAME,KNICK,BED,FRAMES,KNICK,1.50
420059,QUEEN INSTAMATIC FRAME WGLIDES,LEGG,BED,FRAMES,LEGG,54.60
420221,79/60-6R T/F/Q/K/CK FRAME,LEGG,BED,FRAMES,LEGG,25.00
420298,1004/1001 T/F BRASS BED FRAME,LEGG,BED,FRAMES,LEGG,16.30
420546,QUEEN/KING W/HOOK ON HB BRKT,LEGG,BED,FRAMES,LEGG,15.00
426207,PL834G T/F RND HB BRKT,LEGG,BED,BEDFRA,LEGG,15.00
426210,PL860G/RB C/K ONLY RND HB BRKT,LEGG,BED,FRAMES,LEGG,25.00
434077-6974,CK 9-LEG BED FRAME HB/FB BRKTS,LEGG,BED,FRAMES,LEGG,20.00
571083,E KING HOTEL BED BASE BRWN 660,LEGG,BED,FRAMES,LEGG,83.50
571083-BLACK,PED CKXL 7560XL BLACK BED BASE,LEGG,BED,FRAMES,LEGG,20.00
QD0120,TWIN MICRO PLUSH PROTECTOR,LEGG,PROT,TWPRO,LEGG,20.00
QD0121,TWIN MICRO PLUSH MATTRESS PRO,LEGG,PROT,TWPRO,LEGG,20.00
QD0122,FULL MICRO PLUSH PROTECTOR,LEGG,PROT,FUPRO,LEGG,23.00
QD0124,E KING MICRO PLUSH MATTRES PRO,LEGG,PROT,EKPRO,LEGG,29.00
QD0129,CAKING MICRO PLUSH MATTRES PRO,LEGG,PROT,CKPRO,LEGG,29.00
QD0181,E KING PLATINUM MATTRESS PRO,LEGG,PROT,EKPRO,LEGG,16.95
QD0182,CAKING PLATINUM MATTRESS PRO,LEGG,PROT,CKPRO,LEGG,16.95
QD0270,CAKING CLEAN SHIELD MATT PRO,LEGG,PROT,CKPRO,LEGG,36.95
MA0001UPLCKCH,CAKING FABRIC HIGHRISE FRAME,MALOUF,BED,BEDFRA,MALOU,215.00
MA0001UPLFFCH,FULL FABRIC HIGHRISE FRAME,MALOUF,BED,BEDFRA,MALOU,135.00
MA0001UPLKKCH,E KING FABRIC HIGHRISE FRAME,MALOUF,BED,BEDFRA,MALOU,215.00
MA0001UPLQQCH,QUEEN FABRIC HIGHRISE FRAME,MALOUF,BED,BEDFRA,MALOU,150.00
MA03CKOPTS,CAKING TENCEL SHEETS OPAL,MALOUF,TOPBED,CKSHEE,MALOU,71.00
MA03FFWHTS,FULL TENCEL SHEETS WHITE,MALOUF,TOPBED,FUSHEE,MALOU,62.00
MA03KKDUTS,E KING TENCEL SHEETS DUSK,MALOUF,TOPBED,EKSHEE,MALOU,70.00
MA03KKHATS,E KING TENCEL SHEETS HARVEST,MALOUF,TOPBED,EKSHEE,MALOU,64.00
MA03KKWHTS,E KING TENCEL SHEETS WHITE,MALOUF,TOPBED,EKSHEE,MALOU,70.00
MA03QQDUTC,QUEEN TENCEL PILLOW CASE DUSK,MALOUF,TOPBED,QUPCAS,MALOU,18.00
MA03QQECTC,QUEEN TENCEL PILLOW CASE ECRU,MALOUF,TOPBED,QUPCAS,MALOU,18.00
MA03QQECTS,QUEEN TENCEL SHEETS ECRU,MALOUF,TOPBED,QUSHEE,MALOU,65.00
MA03QQHATC,QUEEN TENCEL PILL CASE HARVEST,MALOUF,TOPBED,QUPCAS,MALOU,17.00
MA03QQHATS,QUEEN TENCEL SHEETS HARVEST,MALOUF,TOPBED,QUSHEE,MALOU,59.00
MA03QQIVTC,QUEEN TENCEL PILLOW CASE IVORY,MALOUF,TOPBED,QUPCAS,MALOU,17.00
MA03QQOPTC,QUEEN TENCEL PILLOW CASE OPAL,MALOUF,TOPBED,QUPCAS,MALOU,18.00
MA03QQOPTS,QUEEN TENCEL SHEETS OPAL,MALOUF,TOPBED,QUSHEE,MALOU,65.00
MA03QQWHTC,QUEEN TENCEL PILLOW CASE WHITE,MALOUF,TOPBED,QUPCAS,MALOU,18.00
MA03QQWHTS,QUEEN TENCEL SHEETS WHITE,MALOUF,TOPBED,QUSHEE,MALOU,65.00
MA03SKDUTS,SPLIT E KING TENCEL SHEET DUSK,MALOUF,TOPBED,SPKSHE,MALOU,85.00
MA06QQIVCS,QUEEN 600 TC SHEETS IVORY,MALOUF,TOPBED,QUSHEE,MALOU,45.00
MA12CKSACS,CAKING LINEN SHEETS SAND,MALOUF,TOPBED,CKSHEE,MALOU,54.00
MA12CKSGCS,CAKING LINEN SHEETS SAGE,MALOUF,TOPBED,CKSHEE,MALOU,54.00
MA12FFSGCS,FULL LINEN SHEET SAGE,MALOUF,TOPBED,FUSHEE,MALOU,46.00
MA12FFWHCS,FULL LINEN SHEET WHITE,MALOUF,TOPBED,FUSHEE,MALOU,46.00
MA12KKSACS,E KING LINEN SHEETS SAND,MALOUF,TOPBED,EKSHEE,MALOU,21.98
MA12KKSGCS,E KING LINEN SHEETS SAGE,MALOUF,TOPBED,EKSHEE,MALOU,54.00
MA12KKWHCS,E KING LINEN SHEETS WHITE,MALOUF,TOPBED,EKSHEE,MALOU,54.00
MA12QQFGCC,QUEEN LINEN PILLOW CASE FOG,MALOUF,TOPBED,QUPCAS,MALOU,15.00
MA12QQSACC,QUEEN LINEN PILLOW CASE SAND,MALOUF,TOPBED,QUPCAS,MALOU,15.00
MA12QQSACS,QUEEN LINEN SHEETS SAND,MALOUF,TOPBED,QUSHEE,MALOU,49.00
MA12QQSGCC,QUEEN LINEN PILLOW CASE SAGE,MALOUF,TOPBED,QUPCAS,MALOU,15.00
MA12QQWHCC,QUEEN LINEN PILLOW CASE WHITE,MALOUF,TOPBED,QUPCAS,MALOU,15.00
MA12QQWHCS,QUEEN LINEN SHEETS WHITE,MALOUF,TOPBED,QUSHEE,MALOU,49.00
MA12TTSACS,TWIN LINEN SHEETS SAND,MALOUF,TOPBED,TWSHEE,MALOU,44.00
MA12TTSGCS,TWIN LINEN SHEETS SAGE,MALOUF,TOPBED,TWSHEE,MALOU,44.00
MA25CKRABS,CAKING BAMBOO SHEETS RAIN,MALOUF,TOPBED,CKSHEE,MALOU,71.00
MA25CKWHBS,CAKING BAMBOO SHEETS WHITE,MALOUF,TOPBED,CKSHEE,MALOU,71.00
MA25FFWHBS,FULL BAMBOO SHEETS WHITE,MALOUF,TOPBED,FUSHEE,MALOU,62.00
MA25KKDRBS,E KING BAMBOO SHEETS DRIFTWOOD,MALOUF,TOPBED,EKSHEE,MALOU,70.00
MA25KKRABS,E KING BAMBOO SHEETS RAIN,MALOUF,TOPBED,EKSHEE,MALOU,70.00
MA25KKWHBS,E KING BAMBOO SHEETS WHITE,MALOUF,TOPBED,EKSHEE,MALOU,70.00
MA25QQASBC,QUEEN BAMBOO PILLOW CASE ASH,MALOUF,TOPBED,QUPCAS,MALOU,18.00
MA25QQASBS,QUEEN BAMBOO SHEETS ASH,MALOUF,TOPBED,QUSHEE,MALOU,65.00
MA25QQDRBC,QU BAMBOO PILLOW CAS DRIFTWOOD,MALOUF,TOPBED,QUPCAS,MALOU,18.00
MA25QQDRBS,QUEEN BAMBOO SHEETS DRIFTWOOD,MALOUF,TOPBED,QUSHEE,MALOU,65.00
MA25QQIVBC,QUEEN BAMBOO PILLOW CASE IVORY,MALOUF,TOPBED,QUPCAS,MALOU,17.00
MA25QQRABC,QUEEN BAMBOO PILLOW CASE RAIN,MALOUF,TOPBED,QUPCAS,MALOU,18.00
MA25QQWHBC,QUEEN BAMBOO PILLOW CASE WHITE,MALOUF,TOPBED,QUPCAS,MALOU,18.00
MA25QQWHBS,QUEEN BAMBOO SHEETS WHITE,MALOUF,TOPBED,QUSHEE,MALOU,65.00
MA25SKWHBS,SPLIT E KINGBAMBOO SHEETS WHITE,MALOUF,TOPBED,SPKSHE,MALOU,85.00
MA25TXWHBS,TWINXL BAMBOO SHEETS WHITE,MALOUF,TOPBED,TXLSHE,MALOU,57.00
MA90CKDRMS,CK MICROFIBER SHEETS DRIFTWOOD,MALOUF,TOPBED,CKSHEE,MALOU,27.00
MA90CKWHMS,CAKING MICROFIBER SHEETS WHITE,MALOUF,TOPBED,CKSHEE,MALOU,27.00
MA90FFASMS,FULL MICROFIBER SHEETS ASH,MALOUF,TOPBED,FUSHEE,MALOU,21.00
MA90FFWHMS,FULL MICROFIBER SHEETS WHITE,MALOUF,TOPBED,FUSHEE,MALOU,21.00
MA90KKDRMS,E KINGMICROFIBER SHEETS DRIFTWOOD,MALOUF,TOPBED,EKSHEE,MALOU,26.00
MA90KKFEMS,E KING MICROFIBER SHEETS FERN,MALOUF,TOPBED,EKSHEE,MALOU,24.00
MA90KKPAMS,E KINGMICROFIBER SHEETS PACIFIC,MALOUF,TOPBED,EKSHEE,MALOU,28.00
MA90KKWHMS,E KING MICROFIBER SHEETS WHITE,MALOUF,TOPBED,EKSHEE,MALOU,28.00
MA90QQASMS,QUEEN MICROFIBER SHEETS ASH,MALOUF,TOPBED,QUSHEE,MALOU,25.00
MA90QQASPC,QUEEN MICROFIBER PILLOW CS ASH,MALOUF,TOPBED,QUPCAS,MALOU,11.00
MA90QQBHPC,QU MICROFIBER PILLOW CAS BLUSH,MALOUF,TOPBED,QUPCAS,MALOU,10.00
MA90QQDRMS,QU MICROFIBER SHEETS DRIFTWOOD,MALOUF,TOPBED,QUSHEE,MALOU,25.00
MA90QQDRPC,QU MICROFIBER PILLOW DRIFTWOOD,MALOUF,TOPBED,QUPCAS,MALOU,11.00
MA90QQFEMS,QUEEN MICROFIBER SHEETS FERN,MALOUF,TOPBED,QUSHEE,MALOU,21.00
MA90QQFEPC,QUEEN MICROFIBER PILLOW C FERN,MALOUF,TOPBED,QUPCAS,MALOU,10.00
MA90QQPAMS,QU. MICROFIBER SHEETS PACIFIC,MALOUF,TOPBED,QUSHEE,MALOU,25.00
MA90QQPAPC,QU MICROFIBER PILLOW C PACIFIC,MALOUF,TOPBED,QUPCAS,MALOU,11.00
MA90QQWHMS,QUEEN MICROFIBER SHEETS WHITE,MALOUF,TOPBED,QUSHEE,MALOU,23.00
MA90QQWHPC,QU. MICROFIBER PILLOW CS WHITE,MALOUF,TOPBED,QUPCAS,MALOU,11.00
MA90TTPAMS,TWIN MICROFIBER SHEETS PACIFIC,MALOUF,TOPBED,TWSHEE,MALOU,20.00
MA90TTWHMS,TWIN MICROFIBER SHEETS WHITE,MALOUF,TOPBED,TWSHEE,MALOU,20.00
MAS6CKCCSS,CAKING SUPIMA SHEETS CHARCOAL,MALOUF,TOPBED,CKSHEE,MALOU,135.00
MAS6CKFLSS,CAKING SUPIMA SHEETS FLAX,MALOUF,TOPBED,CKSHEE,MALOU,135.00
MAS6CKWHSS,CAKING SUPIMA SHEETS WHITE,MALOUF,TOPBED,CKSHEE,MALOU,135.00
MAS6FFCCSS,FULL SUPIMA SHEETS CHARCOAL,MALOUF,TOPBED,FUSHEE,MALOU,100.00
MAS6FFFLSS,FULL SUPIMA SHEETS FLAX,MALOUF,TOPBED,FUSHEE,MALOU,100.00
MAS6FFSMSS,FULL SUPIMA SHEETS SMOKE,MALOUF,TOPBED,FUSHEE,MALOU,100.00
MAS6FFWHSS,FULL SUPIMA SHEETS WHITE,MALOUF,TOPBED,FUSHEE,MALOU,100.00
MAS6KKSMSS,E KING SUPIMA SHEETS SMOKE,MALOUF,TOPBED,EKSHEE,MALOU,125.00
MAS6KKWHSS,E KING SUPIMA SHEETS WHITE,MALOUF,TOPBED,EKSHEE,MALOU,135.00
MAS6QQCCPC,QUEEN SUPIMA PILLOW C CHARCOAL,MALOUF,TOPBED,QUPCAS,MALOU,22.00
MAS6QQCCSS,QUEEN SUPIMA SHEETS CHARCOAL,MALOUF,TOPBED,QUSHEE,MALOU,110.00
MAS6QQFLPC,QUEEN SUPIMA PILLOW CASE FLAX,MALOUF,TOPBED,QUPCAS,MALOU,22.00
MAS6QQFLSS,QUEEN SUPIMA SHEETS FLAX,MALOUF,TOPBED,QUSHEE,MALOU,110.00
MAS6QQSMPC,QUEEN SUPIMA PILLOW CASE SMOKE,MALOUF,TOPBED,QUPCAS,MALOU,22.00
MAS6QQSMSS,QUEEN SUPIMA SHEETS SMOKE,MALOUF,TOPBED,QUSHEE,MALOU,110.00
MAS6QQWHPC,QUEEN SUPIMA PILLOW CASE WHITE,MALOUF,TOPBED,QUPCAS,MALOU,22.00
MAS6TXCCSS,TWINXL SUPIMA SHEETS CHARCOAL,MALOUF,TOPBED,TXLSHE,MALOU,95.00
MAS6TXFLSS,TWINXL SUPIMA SHEETS FLAX,MALOUF,TOPBED,TXLSHE,MALOU,95.00
MAS6TXWHSS,TWINXL SUPIMA SHEETS WHITE,MALOUF,TOPBED,TXLSHE,MALOU,95.00
PCUB-B,BRAVERY BEAR PILLOW CUB,MALOUF,PILLOW,PILLOW,MALOU,26.00
PCUB-SL,SLEEPY SLOTH PILLOW CUB,MALOUF,PILLOW,PILLOW,MALOU,26.00
STCKCHEASTPL,CK EASTMAN PLATFORM CHARCOAL,MALOUF,FURN,BED,MALOU,215.00
STCKOAEASTPL,CK EASTMAN PLATFORM BED -OAT,MALOUF,FURN,BED,MALOU,200.00
STCKOAWATSPL,CA KING WATSON PLATFORM BED,MALOUF,FURN,BED,MALOU,325.00
STDUNCUPLQQCH,QN DUNCAN PLATFRM BED CHARCOAL,MALOUF,FURN,BED,MALOU,300.00
STDUNCUPLQQST,QN DUNCAN PLATFORM BED STONE,MALOUF,FURN,BED,MALOU,300.00
STFFDECARLHB,FULL CARLISLE HB DESERT,MALOUF,FURN,HBOARD,MALOU,125.00
STFFSTBLWBHB,FULL BLACKWELL HB STONE,MALOUF,FURN,HBOARD,MALOU,71.98
STKKCHBLWBHB,EK/CK BLACKWELL HB CHARCOAL,MALOUF,FURN,HBOARD,MALOU,195.00
STKKCHCARLHB,KING CARLISLE HB CHARCOAL,MALOUF,FURN,HBOARD,MALOU,150.00
STKKCHSCORHB,KING SCORESBY HB CHARCOAL,MALOUF,FURN,HBOARD,MALOU,165.00
STKKOACARLHB,KING CARLISLE HB OAT,MALOUF,FURN,HBOARD,MALOU,160.00
STKKSTCARLHB,KING CARLISLE HB STONE,MALOUF,FURN,HBOARD,MALOU,160.00
STKKSTEASTPL,KING EASTMAN PLATFORM STONE,MALOUF,FURN,BED,MALOU,215.00
STKKSTHENNHB,KING HENNESSEY HB STONE,MALOUF,FURN,HBOARD,MALOU,150.00
STKKSTSCORHB,KING SCORESBY HB STONE,MALOUF,FURN,HBOARD,MALOU,165.00
STQQCHBLWBHB,QN BLACKWELL HB CHARCOAL,MALOUF,FURN,HBOARD,MALOU,170.00
STQQCHCARLHB,QN CARLISLE HB CHARCOAL,MALOUF,FURN,HBOARD,MALOU,135.00
STQQCHEASTPL,QN EASTMAN PLATFORM BED CHAR,MALOUF,FURN,BED,MALOU,180.00
STQQCHHENNHB,QN HENNESSEY HB CHARCOAL,MALOUF,FURN,HBOARD,MALOU,135.00
STQQCHSCORHB,QN SCORESBY HB CHARCOAL,MALOUF,FURN,HBOARD,MALOU,130.00
STQQOABLWBHB,QN BLACKWELL HB OAT,MALOUF,FURN,HBOARD,MALOU,150.00
STQQOACARLHB,QN CARLISLE HB OAT,MALOUF,FURN,HBOARD,MALOU,135.00
STQQOAEASTPL,QN EASTMAN PLATFORM BED OAT,MALOUF,FURN,BED,MALOU,180.00
STQQOAHENNHB,QN HENNESSEY HB OAT,MALOUF,FURN,HBOARD,MALOU,120.00
STQQOASCORHB,QN SCORESBY HB OAT,MALOUF,FURN,HBOARD,MALOU,150.00
STQQSTBLWBHB,QN BLACKWELL HB STONE,MALOUF,FURN,HBOARD,MALOU,150.00
STQQSTCARLHB,QN CARLISLE HB STONE,MALOUF,FURN,HBOARD,MALOU,135.00
STQQSTHENNHB,QN HENNESSEY HB STONE,MALOUF,FURN,HBOARD,MALOU,120.00
STQQSTSCORHB,QN SCORESBY HB STONE,MALOUF,FURN,HBOARD,MALOU,150.00
STQQSTWATSPL,QN WATSON PLATFORM BED - STONE,MALOUF,FURN,BED,MALOU,275.00
STS755QQAB,QUEEN ADJUST S755 SMART BASE,MALOUF,ADJUST,QUADJ,MALOU,900.00
STS755SCAB,SPLIT CK ADJ S755 SMART BASE,MALOUF,ADJUST,CKADJ,MALOU,800.00
STTTSTCARLHB,TWIN CARLISLE HB STONE,MALOUF,FURN,HBOARD,MALOU,110.00
STTTSTHENNHB,TWIN HENNESSEY HB STONE,MALOUF,FURN,HBOARD,MALOU,110.00
WK02FFCHCS,FULL COTTON SHEETS GRAY,MALOUF,TOPBED,FUSHEE,MALOU,24.98
WO162CKWHLS,CAKING FR. LINEN SHEETS WHITE,MALOUF,TOPBED,CKSHEE,MALOU,214.00
ZZKK00GM,KING GELLED MICROFIBER PILLOW,MALOUF,PILLOW,PILLOW,MALOU,22.00
ZZKK3L90DD,KING Z-TRIPLELAYER DOWN PILLO,MALOUF,PILLOW,PILLOW,MALOU,55.00
ZZKKX2QC,KING QUILT CONVOLUTION PILLOW,MALOUF,PILLOW,PILLOW,MALOU,42.00
ZZQQ00GM,QUEEN GELLED MICROFIBER PILLOW,MALOUF,PILLOW,PILLOW,MALOU,18.00
ZZQQ3L90DD,QUEEN Z-TRIPLELAYER DOWN PILLO,MALOUF,PILLOW,PILLOW,MALOU,50.00
ZZQQMPCCLT,QUEEN Z-CARBONCOOL LT PILLOW,MALOUF,PILLOW,PILLOW,MALOU,50.00
ZZQQX2QC,QUEEN QUILT CONVOLUTION PILLOW,MALOUF,PILLOW,PILLOW,MALOU,37.00
1M-Q80-1,QUEEN ADJUST SOLUTIONS 1,MBG,ADJUST,QUADJ,MBG,199.00
CTLR-WIRE,CORDED CONTROLLER 6000 SERIES,MBG,ADJUST,ADJBAS,MBG,
CVKF-75,FULL COVER KIT,MBG,ADJUST,ADJBAS,MBG,40.00
CVKF-80,FULLXL COVER KIT,MBG,ADJUST,ADJBAS,MBG,40.00
CVKQ-80,QUEEN COVER KIT,MBG,ADJUST,ADJBAS,MBG,40.00
CVKT-75,TWIN COVER KIT,MBG,ADJUST,ADJBAS,MBG,35.00
CVKT-80,TWINXL COVER KIT,MBG,ADJUST,ADJBAS,MBG,35.00
CVKT-84,SPLIT CK COVER KIT,MBG,ADJUST,ADJBAS,MBG,35.00
EBQN-80-02,QUEEN BASIC DECK ADJUSTABLE,MBG,ADJUST,QUADJ,MBG,315.00
EBQN-80-RHMT-03,QUEEN BASIC DECK WIRELESS/MASG,MBG,ADJUST,QUADJ,MBG,355.00
EBTW-84-RHMT-03,SPLIT CK BASIC DECK W/MASSAGE,MBG,ADJUST,CKADJ,MBG,320.00
ETFL-75-RHMT-01,FULL ADJ EXPRESS WIRED,MBG,ADJUST,FUADJ,MBG,290.00
ETFL-75-RHMT-02,FULL ADJ EXPRESS WIRELESS,MBG,ADJUST,FUADJ,MBG,330.00
ETFL-75-RHMT-03,FULL EXPRESS W/MASSAGE ADJ,MBG,ADJUST,FUADJ,MBG,370.00
ETFL-80-RHMT-01,FULLXL ADJ EXPRESS WIRED,MBG,ADJUST,FXLADJ,MBG,300.00
ETFL-80-RHMT-02,FULLXL ADJ EXPRESS WIRELESS,MBG,ADJUST,FXLADJ,MBG,340.00
ETFL-80-RHMT-03,FULLXL ADJ EXPRESS MSG/WIRELES,MBG,ADJUST,FXLADJ,MBG,380.00
ETQN-80-RHMT-01,QUEEN ADJ EXPRESS WIRED,MBG,ADJUST,QUADJ,MBG,315.00
ETQN-80-RHMT-02,QUEEN EXPRESS WIRELESS ADJ,MBG,ADJUST,QUADJ,MBG,355.00
ETQN-80-RHMT-03,QUEEN EXPRESS W/MASSAGE ADJ,MBG,ADJUST,QUADJ,MBG,395.00
ETTW-75-RHMT-01,TWIN WHITE ADJ EXPRESS WIRED,MBG,ADJUST,TWADJ,MBG,280.00
ETTW-75-RHMT-02,TWIN ADJ EXPRESS WIRELESS,MBG,ADJUST,TWADJ,MBG,320.00
ETTW-75-RHMT-03,TWIN ADJ EXPRESS MSG/WIRELESS,MBG,ADJUST,TWADJ,MBG,360.00
ETTW-80-RHMT-01,TWINXL WHITE ADJ EXPRESS WIRED,MBG,ADJUST,TXLADJ,MBG,280.00
ETTW-80-RHMT-01-BRWN,TWINXL BROWN ADJ EXPRESS WIRED,MBG,ADJUST,TXLADJ,MBG,280.00
ETTW-80-RHMT-01-GRAY,TWINXL GRAY ADJ EXPRESS WIRED,MBG,ADJUST,TXLADJ,MBG,280.00
ETTW-80-RHMT-02,TXL WHITE EXPRESS WIRELESS ADJ,MBG,ADJUST,TXLADJ,MBG,320.00
ETTW-80-RHMT-03,TXL WHITE EXPRESS W/MASG ADJ,MBG,ADJUST,TXLADJ,MBG,360.00
ETTW-80-RHMT-03-GREY,TXL GREY EXPRESS W/MSG & LED,MBG,ADJUST,TXLADJ,MBG,360.00
ETTW-84-RHMT-01,SPLIT CK ADJ. EXPRESS WIRED,MBG,ADJUST,CKADJ,MBG,280.00
ETTW-84-RHMT-02,SPLIT CK ADJ. EXPRESS WIRELESS,MBG,ADJUST,CKADJ,MBG,320.00
ETTW-84-RHMT-03,SPLIT CK ADJ. EXPRESS MASSAGE,MBG,ADJUST,CKADJ,MBG,360.00
ETTW-84-RHMT-03-BLUE,SPLIT CK ADJ.EXPRESS BLUETOOTH,MBG,ADJUST,CKADJ,MBG,360.00
FFL-60,QUEEN FOLDING ATLAS FRAME,MBG,BED,BEDFRA,MBG,74.95
GREY-ETTW-80-RHMT-02,TXL GREY EXPRESS WIRELESS ADJ,MBG,ADJUST,TXLADJ,MBG,320.00
HDBB-1,HEADBOARD BRACKETS ALL SIZES,MBG,ADJUST,ADJBAS,MBG,20.00
HJC8-BT,EXPRESS ADJ BLUETOOTH CONTROL,MBG,ADJUST,ADJBAS,MBG,50.00
HL-F75-2-FL,FULL ADJUST SOLUTIONS II,MBG,ADJUST,FUADJ,MBG,299.00
HL-F75-3-F,FULL ADJUST SOLUTIONS III,MBG,ADJUST,FUADJ,MBG,419.00
HL-K72-2-CK,CAKING 1PC ADJUST SOLUTIONS II,MBG,ADJUST,CKADJ,MBG,439.00
HL-K72-3-CK,CAKING 1-PC ADJ. SOLUTIONS III,MBG,ADJUST,CKADJ,MBG,539.00
HL-K76-2-EK,E KING 1PC ADJUST SOLUTIONS II,MBG,ADJUST,EKADJ,MBG,439.00
HL-K76-3-EK,E KING1-PC ADJUST SOLUTION III,MBG,ADJUST,EKADJ,MBG,539.00
HL-Q80-2-Q,QUEEN ADJUST SOLUTIONS II,MBG,ADJUST,QUADJ,MBG,329.00
HL-Q80-3-Q,QUEEN ADJUST SOLUTIONS III,MBG,ADJUST,QUADJ,MBG,429.00
HL-T75-2-T,TWIN ADJ SOLUTIONS II,MBG,ADJUST,TWADJ,MBG,269.00
HL-T80-2-TXL,TWINXL ADJUST SOLUTIONS II,MBG,ADJUST,TXLADJ,MBG,269.00
HL-T80-2-TXL1,TXL SOLUTIONS II (2020 MODEL),MBG,ADJUST,TXLADJ,MBG,269.00
HL-T80-3-T,TWIN ADJ SOLUTIONS III,MBG,ADJUST,TWADJ,MBG,379.00
HL-T80-3-TXL,TWINXL ADJUST SOLUTIONS III,MBG,ADJUST,TXLADJ,MBG,379.00
HL-T84-2-SCK,SPLIT CK ADJUST SOLUTIONS II,MBG,ADJUST,CKADJ,MBG,269.00
HL-T84-3-SCK,SPLIT CK ADJUST SOLUTIONS III,MBG,ADJUST,CKADJ,MBG,379.00
HU-CKG-RHMT-01,CAKING HEAD UP WIRED ADJUST.,MBG,ADJUST,CKADJ,MBG,210.00
HU-CKG-RHMT-02,CAKING HEAD UP WIRELESS ADJUST,MBG,ADJUST,CKADJ,MBG,250.00
HU-EKG-RHMT-01,E KING HEAD UP WIRED ADJUST.,MBG,ADJUST,EKADJ,MBG,210.00
HU-EKG-RHMT-02,E KING HEAD UP WIRELESS ADJUST,MBG,ADJUST,EKADJ,MBG,250.00
HU-QEN-RHMT-02,QUEEN HEAD UP WIRELESS ADJUST.,MBG,ADJUST,QUADJ,MBG,210.00
HUFF-72,CAKING Head Up Adjustable base,MBG,ADJUST,CKADJ,MBG,210.00
LED-UBL,EXPRESS LED LIGHTING(SET OF 2),MBG,ADJUST,ADJBAS,MBG,12.00
SAB-QEN,QUEEN ADJ BED BASE TILT-2,MBG,ADJUST,QUADJ,MBG,899.95
SHQ-80,QUEEN HEAD SPLIT,MBG,ADJUST,QUADJ,MBG,549.00
SMF-75-WIRELESS,FULL MBG ADJ W/REMOTE,MBG,ADJUST,FUADJ,MBG,330.00
SMQ-80-WIRED,QUEEN MBG ADJ WIRED,MBG,ADJUST,QUADJ,MBG,336.80
SMT-75-WIRELESS,TWIN BLACK MBG ADJ W/REMOTE,MBG,ADJUST,TWADJ,MBG,336.80
SMT-84-WIRELESS,SPLIT CK MBG ADJ W/REMOTE,MBG,ADJUST,CKADJ,MBG,346.80
SOLUTIONS-3PC-LEG,"SOLUTIONS 6''/9""/12"" LEGS (6X)",MBG,ADJUST,ADJBAS,MBG,12.95
SOLUTIONS-6INCH-LEG,SOLUTIONS 6'' LEGS (6X),MBG,ADJUST,ADJBAS,MBG,12.95
TFB-TCK,SPLIT CAKING ADJ BED BASE,MBG,ADJUST,CKADJ,MBG,789.95
WIRELESS-REMOTE,REMOTE FOR WIRLESS MBG BASES,MBG,ADJUST,ADJBAS,MBG,5.00
YCABLE,"MBG ""Y"" SYNC CABLE",MBG,ADJUST,ADJBAS,MBG,29.95
BAM0142,E KING BAMBOO PROTECTOR,PABED,PROT,EKPRO,PABED,20.00
BOM1109,"TWIN ALLER ZIP 9"" PROTECTOR",PABED,PROT,TWPRO,PABED,38.70
BOM1209,"TWINXL ALLER ZIP 9"" PROTECTOR",PABED,PROT,TXLPRO,PABED,38.70
BOM1213,"TWINXL ALLER ZIP 13"" PROTECTOR",PABED,PROT,QUPRO,PABED,38.70
BOM1236,SPLIT CK ALLER ZIP 9 PROTECTOR,PABED,PROT,QUPRO,PABED,38.70
P0128,FULL PREMIUM MATT PROTECTOR,PABED,PROT,FUPRO,PABED,28.07
P0142,E KING PREMIUM MATT PROTECTOR,PABED,PROT,EKPRO,PABED,34.16
P0159,CAKING PREMIUM MATT PROTECTOR,PABED,PROT,CKPRO,PABED,28.00
P0197,TWINXL PREMIUM MATT PROTECTOR,PABED,PROT,TXLPRO,PABED,24.40
TSP0111,TWIN COOL MATTRESS PROTECTOR,PABED,PROT,TWPRO,PABED,35.39
TSP0128,FULL COOL MATTRESS PROTECTOR,PABED,PROT,FUPRO,PABED,39.04
TSP0135,QUEEN COOL MATTRESS PROTECTOR,PABED,PROT,QUPRO,PABED,43.92
TSP0142,E KING COOL MATTRESS PROTECTOR,PABED,PROT,EKPRO,PABED,53.69
TSP0159,CAKING COOL MATTRESS PROTECTOR,PABED,PROT,CKPRO,PABED,57.35
TSP0159S,SPLIT CK COOL MATT PROTECTOR,PABED,PROT,SCKPRO,PABED,39.05
TSP0197,TWINXL COOL MATTRESS PROTECTOR,PABED,PROT,TXLPRO,PABED,36.60
TSP0232,FULLXL COOL MATTRESS PROTECTOR,PABED,PROT,FXLPRO,PABED,36.55
TSS0128,FULL SNOW MATTRESS PROTECTOR,PABED,PROT,FUPRO,PABED,97.61
TSS0142,E KING SNOW MATTRESS PROTECTOR,PABED,PROT,EKPRO,PABED,34.00
3-IN-1-LEGS,"12"" 3-IN-1 STEEL LEGS (6-PC)",REV,ADJUST,ADJBAS,REV,31.00
9T24.04-E63-F100.2-Q,QUEEN ADJUST 9T,REV,ADJUST,QUADJ,REV,849.00
ABL300,3” LEG EXTENSIONS (SET OF 4),REV,ADJUST,ADJBAS,REV,20.00
AM-BT-S01,ELATION SPEAKERS,REV,ADJUST,ADJBAS,REV,199.00
POP-KSK-001,RETAIL KIOSK,REV,ADJUST,ADJBAS,REV,0.00
R400-Q,QUEEN ADJUST. R400,REV,ADJUST,QUADJ,REV,450.00
R400-SCK,SPLIT CK ADJUST. R400,REV,ADJUST,CKADJ,REV,420.00
R650-Q,QUEEN ADJUST R650 FULL-TILT,REV,ADJUST,QUADJ,REV,800.00
1000004,INSTALOCK Q-CK-K METAL FRAME,RIZE,BED,FRAMES,RIZE,40.00
1310047,QUEEN ADJUST AVIADA,RIZE,ADJUST,QUADJ,RIZE,1135.00
1310110,TWIN ADJUST TRANQUILITY II,RIZE,ADJUST,TWADJ,RIZE,320.00
1310111,TWINXL ADJUST TRANQUILITY II,RIZE,ADJUST,TXLADJ,RIZE,320.00
1310114,QUEEN ADJUST TRANQUILITY II,RIZE,ADJUST,QUADJ,RIZE,366.00
1310120,QUEEN ADJUST CLARITY II,RIZE,ADJUST,QUADJ,RIZE,478.00
1310122,E KING 1-PC ADJUST CLARITY II,RIZE,ADJUST,EKADJ,RIZE,617.00
1310164,QUEEN ADJUST REMEDY III,RIZE,ADJUST,QUADJ,RIZE,614.00
1310172,TWINXL ADJUST CONTEMPO IV,RIZE,ADJUST,TXLADJ,RIZE,670.00
1310174,QUEEN ADJUST CONTEMPO IV,RIZE,ADJUST,QUADJ,RIZE,726.00
1310176,E KING 1-PC ADJUST CONTEMPO IV,RIZE,ADJUST,EKADJ,RIZE,888.00
1310181,QUEEN RIZER KIT,RIZE,ADJUST,ADJBAS,RIZE,267.00
1350002,QN FARMHOUSE HEADBOARD - WHITE,RIZE,FURN,HBOARD,RIZE,108.00
1350225,QN WAINSCOTT HEADBOARD - WHITE,RIZE,FURN,HBOARD,RIZE,108.00
1350232,QN WAINSCOTT HEADBOARD - BLACK,RIZE,FURN,HBOARD,RIZE,108.00
2310014,HEADBOARD BRACKETS FOR RIZE,RIZE,ADJUST,ADJBAS,RIZE,28.00
2310081,"8-3-2"" PLASTIC LEG WITH CAP",RIZE,ADJUST,ADJBAS,RIZE,6.00
4760002,FULL TERRY PROTECTOR,RIZE,PROT,FUPRO,RIZE,8.95
4760004,CAKING TERRY PROTECTOR,RIZE,PROT,CKPRO,RIZE,7.95
DQKG6,QN/EK/CK FRAME W/ GLIDES,RIZE,BED,FRAMES,RIZE,43.45
DTQG5,TW/FL/QN FRAME W/ GLIDES,RIZE,BED,FRAMES,RIZE,36.46
DTQSG4,TW/FL/QN FRAME W/ GLIDES,RIZE,BED,FRAMES,RIZE,30.95
I-CS374PG,INSTALOCK Q-CK-K METAL FRAME,RIZE,BED,FRAMES,RIZE,40.00
I-PK165,INSTALOCK Q-CK-K METAL FRAME,RIZE,BED,FRAMES,RIZE,34.00
MP100-CK,CAKING SMOOTH PROTECTOR,RIZE,PROT,CKPRO,RIZE,14.75
MP100-F,FULL SMOOTH PROTECTOR,RIZE,PROT,FUPRO,RIZE,12.50
MP100-K,E KING SMOOTH PROTECTOR,RIZE,PROT,EKPRO,RIZE,14.75
MP100-Q,QUEEN SMOOTH PROTECTOR,RIZE,PROT,QUPRO,RIZE,12.50
MP100-T,TWIN SMOOTH PROTECTOR,RIZE,PROT,TWPRO,RIZE,10.25
MP100-TXL,TWINXL SMOOTH PROTECTOR,RIZE,PROT,TXLPRO,RIZE,10.25
MP200-Q,QUEEN ULTRA-SOFT PROTECTOR,RIZE,PROT,QUPRO,RIZE,17.00
MP200-T,TWIN TERRY PROTECTOR,RIZE,PROT,TWPRO,RIZE,15.75
MP200-TXL,TWINXL TERRY PROTECTOR,RIZE,PROT,TXLPRO,RIZE,12.00
RZ-CLOUD-Q,RZ CLOUD CURVED PILLOW,RIZE,PILLOW,PILLOW,RIZE,30.00
RZ-CONTOUR-K,KING RZ CONTOUR COOL PILLOW,RIZE,PILLOW,PILLOW,RIZE,45.00
RZ-CONTOUR-Q,QUEEN RZ CONTOUR COOL PILLOW,RIZE,PILLOW,PILLOW,RIZE,35.00
RZ-PUFF-Q,QUEEN RZ PUFF COOL PILLOW,RIZE,PILLOW,PILLOW,RIZE,30.00
STFG4,TWIN/FULL FRAME W/ GLIDES,RIZE,BED,FRAMES,RIZE,22.65
TFQ9903,TWIN/FULL/QUEEN METAL FRAME,RIZE,BED,FRAMES,RIZE,20.00
MLPK,KING  myLATEX PILLOW,S&B,PILLOW,PILLOW,S&B,70.00
MLPQ,QUEEN myLATEX PILLOW,S&B,PILLOW,PILLOW,S&B,65.00
MLPS,STANDARD myLATEX PILLOW,S&B,PILLOW,PILLOW,S&B,60.00
MPCK,CAKING myPROTECTOR,S&B,PROT,CKPRO,S&B,90.00
MPF,FULL  myPROTECTOR,S&B,PROT,FUPRO,S&B,75.00
MPK,E KING  myPROTECTOR,S&B,PROT,EKPRO,S&B,90.00
MPQ,QUEEN  myPROTECTOR,S&B,PROT,CKPRO,S&B,85.00
MPSCK,SPLIT CK  myPROTECTOR 1-PC,S&B,PROT,EKPRO,S&B,73.00
MPT,TWIN  myPROTECTOR,S&B,PROT,TWPRO,S&B,70.00
MPTXL,TWINXL  myPROTECTOR,S&B,PROT,TXLPRO,S&B,73.00
MWLTTX,"TXL my WOOLLY LATEX TOPPER 3""",S&B,TOPBED,TOPPER,S&B,220.00
OCPCK,CAKING ORGANIC PROTECTOR,S&B,PROT,CKPRO,S&B,90.00
OCPF,FULL  ORGANIC PROTECTOR,S&B,PROT,FUPRO,S&B,75.00
OCPT,TWIN  ORGANIC PROTECTOR,S&B,PROT,TWPRO,S&B,60.00
OSKSSW,SPLIT E KINGOC SATEEN SHEET SET,S&B,TOPBED,SPKSHE,S&B,120.00
OSZP,STD ORGANIC PILLOW ENCASEMENT,S&B,PROT,PILPRO,S&B,30.00
SPLQ,QUEEN myLATEX SIDE-PILLOW,S&B,PILLOW,PILLOW,S&B,65.00
SPLS,STANDARD myLATEX SIDE-PILLOW,S&B,PILLOW,PILLOW,S&B,60.00
WCKMT,"CAKING myTOPPER 1.5""",S&B,TOPBED,TOPPER,S&B,150.00
WQMT,"QUEEN myTOPPER 1.5""",S&B,TOPBED,TOPPER,S&B,140.00
CK-CSHEET,CAKING OG COTTON SHEET SET,SAVVY,TOPBED,TOPPER,SAVVY,120.00
CK-SEREN-ALLDUN,"CAKING SERENITY MATTRESS 10""",SAVVY,MATT,CAKING,SAVVY,1745.00
K-CMP,E KING COTTON MATTRESS PAD,SAVVY,PROT,EKPRO,SAVVY,110.00
K-MOS10,"E KING MATTRESS 10""",SAVVY,MATT,KING,SAVVY,1695.00
K-WMP,E KING WOOL MATTRESS PAD,SAVVY,PROT,EKPRO,SAVVY,175.00
Q-BR1,"QUEEN BED RUG 1""",SAVVY,MATT,QUEEN,SAVVY,65.00
Q-F-DUNLOP,QUEEN FIRM DUNLOP,SAVVY,MATT,QUEEN,SAVVY,0.00
Q-LWP,QUEEN LATEX-WOOL PILLOW,SAVVY,PILLOW,PILLOW,SAVVY,70.00
Q-M-DUNLOP,QUEEN MEDIUM DUNLOP,SAVVY,MATT,QUEEN,SAVVY,0.00
Q-MDATFOUN9,"QUEEN SAVVY FND 9""",SAVVY,FOUND,QUFND,SAVVY,315.00
Q-OSM25D5T10,QUEEN ORGANIC SERENITY 10,SAVVY,MATT,QUEEN,SAVVY,1545.00
Q-SEREN-ALLDUN,"QUEEN SERENITY MATTRESS 10""",SAVVY,MATT,QUEEN,SAVVY,1395.00
Q-SR-PLTBD,QU AFTON PLAT BED (UNTREATED),SAVVY,FURN,BED,SAVVY,350.00
Q-SRCP,QUEEN CONTOUR PILLOW,SAVVY,PILLOW,PILLOW,SAVVY,55.00
Q-SRSSP,QUEEN SOAP SHAPE PILLOW,SAVVY,PILLOW,PILLOW,SAVVY,55.00
Q-SWT,QUEEN ORGANIC SAVVY WOOLSY,SAVVY,TOPBED,TOPPER,SAVVY,395.00
Q-TPKC,QUEEN TALALAY PILLOW,SAVVY,PILLOW,PILLOW,SAVVY,100.00
SCAK-M-TALALAY,SPLIT CK MEDIUM TALALAY,SAVVY,MATT,CAKING,SAVVY,0.00
SCAK-S-DUNLOP,SPLIT CK SOFT DUNLOP,SAVVY,MATT,CAKING,SAVVY,0.00
SCAK-S-TALALAY,SPLIT CK  SOFT TALALAY,SAVVY,MATT,CAKING,SAVVY,0.00
SQ-F-DUNLOP,SPLIT QUEEN FIRM DUNLOP,SAVVY,MATT,SPLQUE,SAVVY,0.00
SQ-F-TALALAY,SPLIT QUEEN FIRM TALALY,SAVVY,MATT,SPLQUE,SAVVY,0.00
SQ-M-DUNLOP,SPLIT QUEEN MEDIUM DUNLOP,SAVVY,MATT,SPLQUE,SAVVY,0.00
SQ-M-TALALAY,SPLIT QUEEN MEDIUM TALALY,SAVVY,MATT,SPLQUE,SAVVY,0.00
TL-CMP,TWINXL COTTON MATTRESS PAD,SAVVY,PROT,TXLPRO,SAVVY,65.00
TL-NTFOUN9,"TWINXL FOUNDATION 9""",SAVVY,FOUND,TXLFND,SAVVY,195.00
TL-OSM10,TWIN LONG ORGANIC SERENITY 10,SAVVY,MATT,TWINXL,SAVVY,1145.00
TL-OSM2D1T10,TWIN LONG ORGANIC SERENITY 10,SAVVY,MATT,TWINXL,SAVVY,975.00
TXL-F-DUNLOP,TWINXL FIRM DUNLOP,SAVVY,MATT,TWINXL,SAVVY,0.00
TXL-F-TALALAY,TWINXL FIRM TALALAY,SAVVY,MATT,TWINXL,SAVVY,0.00
TXL-M-DUNLOP,TWINXL MEDIUM DUNLOP,SAVVY,MATT,TWINXL,SAVVY,0.00
TXL-OSM2D1T10,TWINXL ORGANIC SERENITY 10,SAVVY,MATT,TWINXL,SAVVY,975.00
TXL-OSMPT4T,TWINXL ORGANIC SERENITY PT 13,SAVVY,MATT,TWINXL,SAVVY,1645.00
TXL-S-DUNLOP,TWINXL SOFT DUNLOP,SAVVY,MATT,TWINXL,SAVVY,0.00
TXL-S-TALALAY,TWINXL SOFT TALALAY,SAVVY,MATT,TWINXL,SAVVY,0.00
63017740,FULL ADJUST EASE 4.0,SEALY,ADJUST,FUADJ,SEALY,565.00
S40103,SEALY PILLOW GUARD (BOX OF 75),SEALY,SUPPLY,SUPPLY,SEALY,0.00
SEALYBOX-STD-Q,"QUEEN SEALY FND 9""",SEALY,FOUND,QUFND,SEALY,145.00
SEALYBOX-STD-TXL,"TWINXL SEALY FND 9""",SEALY,FOUND,TXLFND,SEALY,112.00
500826619-7550,QUEEN MOTION ESSENTIALS III,SERTA,ADJUST,QUADJ,SERTA,400.00
4000941-1070,CAKING CHRISTELLE II XFIRM,SOP,MATT,CAKING,SOP,600.00
999220-5010,"TWIN BLACK FND 9""",SOP,FOUND,TWFND,SOP,80.00
25SBCOBEF_FP-3975,TWIN COBALT EXTRA-FIRM,SOUTH,MATT,TWIN,SOUTH,200.00
25SBCOBEF_FP-5475,FULL COBALT EXTRA-FIRM,SOUTH,MATT,FULL,SOUTH,273.00
25SBCOBEF_FP-6080,QUEEN COBALT EXTRA-FIRM,SOUTH,MATT,QUEEN,SOUTH,278.00
25SBCOBEF_FP-7284,CAKING COBALT EXTRA-FIRM,SOUTH,MATT,CAKING,SOUTH,341.00
25SBCOBEF_FP-7680,E KING COBALT EXTRA-FIRM,SOUTH,MATT,KING,SOUTH,341.00
25SBCOBET-5475,FULL COBALT EUROTOP,SOUTH,MATT,FULL,SOUTH,273.00
25SBCOBET_FP-5475,FULL COBALT EUROTOP,SOUTH,MATT,FULL,SOUTH,273.00
25SBCOBET_FP-6080,QUEEN COBALT EUROTOP,SOUTH,MATT,QUEEN,SOUTH,278.00
25SBCOBET_FP-7284,CAKING COBALT EUROTOP,SOUTH,MATT,CAKING,SOUTH,341.00
25SBCOBET_FP-7680,E KING COBALT EUROTOP,SOUTH,MATT,KING,SOUTH,341.00
25SBCOBF_FP-3975,TWIN COBALT FIRM,SOUTH,MATT,TWIN,SOUTH,200.00
25SBCOBF_FP-3980,TWINXL COBALT FIRM,SOUTH,MATT,TWINXL,SOUTH,210.00
25SBCOBF_FP-5475,FULL COBALT FIRM,SOUTH,MATT,FULL,SOUTH,273.00
25SBCOBF_FP-6080,QUEEN COBALT FIRM,SOUTH,MATT,QUEEN,SOUTH,278.00
25SBCOBF_FP-7284,CAKING COBALT FIRM,SOUTH,MATT,CAKING,SOUTH,341.00
25SBCOBF_FP-7680,E KING COBALT FIRM,SOUTH,MATT,KING,SOUTH,341.00
25SBCOBM-6080,QUEEN COBALT MEDIUM,SOUTH,MATT,QUEEN,SOUTH,265.00
25SBCOBM_FP-3975,TWIN COBALT MEDIUM,SOUTH,MATT,TWIN,SOUTH,200.00
25SBCOBM_FP-3980,TWINXL COBALT MEDIUM,SOUTH,MATT,TWINXL,SOUTH,210.00
25SBCOBM_FP-5475,FULL COBALT MEDIUM,SOUTH,MATT,FULL,SOUTH,273.00
25SBCOBM_FP-6080,QUEEN COBALT MEDIUM,SOUTH,MATT,QUEEN,SOUTH,278.00
25SBCOBM_FP-7284,CAKING COBALT MEDIUM,SOUTH,MATT,CAKING,SOUTH,341.00
25SBCOBM_FP-7680,E KING COBALT MEDIUM,SOUTH,MATT,KING,SOUTH,341.00
AC-2INCASTER-4PACK,"HD 2"" SCREW IN CASTER (SETx4)",SOUTH,ADJUST,ADJBAS,SOUTH,12.00
AC-HS-2INLEG-4PACK,"2"" SCREW IN LEG SET OF FOUR",SOUTH,ADJUST,ADJBAS,SOUTH,15.00
AC-HS980074-HB-BRKT,HEADBOARD BRACKET KIT,SOUTH,ADJUST,ADJBAS,SOUTH,35.00
AC-LM-RF-ZG26-WHT,WIRELESS REMOTE FOR B26 BASE,SOUTH,ADJUST,ADJBAS,SOUTH,45.00
IMC26HF0SBLK-3080,SPLIT QUEEN ADJUST B26 BASE,SOUTH,ADJUST,QUADJ,SOUTH,530.00
IMC26HF0SBLK-3684,SPLIT CK ADJUST SERIES B26,SOUTH,ADJUST,CKADJ,SOUTH,504.00
IMC26HF0SBLK-3974,TWIN ADJUST SERIES B26,SOUTH,ADJUST,TWADJ,SOUTH,504.00
IMC26HF0SBLK-3980,TWINXL ADJUST SERIES B26,SOUTH,ADJUST,TXLADJ,SOUTH,494.00
IMC26HF0SBLK-5474,FULL ADJUST SERIES B26,SOUTH,ADJUST,FUADJ,SOUTH,541.00
IMC26HF0SBLK-5480,FULLXL ADJUST SERIES B26,SOUTH,ADJUST,FXLADJ,SOUTH,541.00
IMC26HF0SBLK-6080,QUEEN ADJUST SERIES B26,SOUTH,ADJUST,QUADJ,SOUTH,530.00
IMC26HF0SBLK-7284,CAKING 1-PC ADJUST SERIES B26,SOUTH,ADJUST,CKADJ,SOUTH,682.00
IMC26HF0SBLK-7680,E KING 1-PC ADJUST SERIES B26,SOUTH,ADJUST,EKADJ,SOUTH,662.00
IMC94WH2BLK-6080,QUEEN ADJUST G94,SOUTH,ADJUST,QUADJ,SOUTH,700.00
IMC94WH2SBLK-3684,SPLIT CAKING ADJUST G94,SOUTH,ADJUST,CKADJ,SOUTH,679.00
IMC94WH2SBLK-3974,TWIN ADJUST G94,SOUTH,ADJUST,TWADJ,SOUTH,595.00
IMC94WH2SBLK-3980,TWINXL ADJUST G94,SOUTH,ADJUST,TXLADJ,SOUTH,663.00
OVATION,QUEEN OVATION TT,SOUTH,MATT,QUEEN,SOUTH,250.00
SOUTHPROTOTYPE,QUEEN SOUTHERLAND PROTOTYPE,SOUTH,MATT,QUEEN,SOUTH,200.00
Z0LAPE2ET1-3684,SPLIT CK PRELUDE II E/T,SOUTH,MATT,SPLCAK,SOUTH,222.00
Z0LAPE2ET1-3974,TWIN PRELUDE II E/T,SOUTH,MATT,TWIN,SOUTH,206.00
Z0LAPE2ET1-3980,TWINXL PRELUDE II E/T,SOUTH,MATT,TWINXL,SOUTH,222.00
Z0LAPE2ET1-5474,FULL PRELUDE II E/T,SOUTH,MATT,FULL,SOUTH,258.00
Z0LAPE2ET1-5480XL,FULLXL PRELUDE II E/T,SOUTH,MATT,FULLXL,SOUTH,265.00
Z0LAPE2ET1-6080,QUEEN PRELUDE II E/T,SOUTH,MATT,QUEEN,SOUTH,265.00
Z0LAPE2ET1-7284,CAKING PRELUDE II E/T,SOUTH,MATT,CAKING,SOUTH,360.00
Z0LAPE2ET1-7680,E KING PRELUDE II E/T,SOUTH,MATT,KING,SOUTH,360.00
Z0LAPE2FT1-3974,TWIN PRELUDE II FIRM,SOUTH,MATT,TWIN,SOUTH,206.00
Z0LAPE2FT1-3980,TWINXL PRELUDE II FIRM,SOUTH,MATT,TWINXL,SOUTH,222.00
Z0LAPE2FT1-5474,FULL PRELUDE II FIRM,SOUTH,MATT,FULL,SOUTH,258.00
Z0LAPE2FT1-5480XL,FULLXL PRELUDE II FIRM,SOUTH,MATT,FULLXL,SOUTH,265.00
Z0LAPE2FT1-6080,QUEEN PRELUDE II FIRM,SOUTH,MATT,QUEEN,SOUTH,265.00
Z0LAPE2FT1-7284,CAKING PRELUDE II FIRM,SOUTH,MATT,CAKING,SOUTH,360.00
Z0LAPE2FT1-7680,E KING PRELUDE II FIRM,SOUTH,MATT,KING,SOUTH,360.00
Z0SGTT1PT1-6080,QUEEN TOBERT ULTRA HYBRID,SOUTH,MATT,QUEEN,SOUTH,863.00
Z0WBBXX1W4-3080,"SPLIT QU LP WILLETT BLK FND 4""",SOUTH,FOUND,QUFND,SOUTH,71.00
Z0WBBXX1W4-3684,"SPLIT CK LP WILLETT BLK FND 4""",SOUTH,FOUND,SCKFND,SOUTH,71.00
Z0WBBXX1W4-3974,"TWIN LP WILLETT BLACK FND 4""",SOUTH,FOUND,TWFND,SOUTH,69.00
Z0WBBXX1W4-3980,"TWINXL LP WILLETT BLACK FND 4""",SOUTH,FOUND,TXLFND,SOUTH,71.00
Z0WBBXX1W4-5475,"FULL LP WILLETT BLACK FND 4""",SOUTH,FOUND,FUFND,SOUTH,79.00
Z0WBBXX1W4-5480,"FULLXL WILLETT LP BLACK FND 4""",SOUTH,FOUND,FXLFND,SOUTH,87.00
Z0WBBXX1W4-6080,"QUEEN LP WILLETT BLACK FND 4""",SOUTH,FOUND,QUFND,SOUTH,87.00
Z0WBBXX1W9-3080,"SPLIT QU WILLETT BLACK FND 9""",SOUTH,FOUND,QUFND,SOUTH,71.00
Z0WBBXX1W9-3684,"SPLIT CK WILLETT BLACK FND 9""",SOUTH,FOUND,SCKFND,SOUTH,71.00
Z0WBBXX1W9-3974,"TWIN WILLETT BLACK FND 9""",SOUTH,FOUND,TWFND,SOUTH,69.00
Z0WBBXX1W9-3980,"TWINXL WILLETT BLACK FND 9""",SOUTH,FOUND,TXLFND,SOUTH,71.00
Z0WBBXX1W9-5474,"FULL WILLETT BLACK FND 9""",SOUTH,FOUND,FUFND,SOUTH,79.00
Z0WBBXX1W9-5480,"FULLXL WILLETT BLACK FND 9""",SOUTH,FOUND,FXLFND,SOUTH,87.00
Z0WBBXX1W9-6080,"QUEEN WILLETT BLACK FND 9""",SOUTH,FOUND,QUFND,SOUTH,87.00
Z1ENGR1PP1-1824,18X24 GRENADIER PT (DISPLAY),SOUTH,SUPPLY,SUPPLY,SOUTH,0.00
Z2SAAY4PB1-3684,SPLIT CK ANNIVERSARY LATEX BT,SOUTH,MATT,SPLCAK,SOUTH,770.00
Z2SAAY4PB1-3974,TWIN ANNIVERSARY LATEX BT,SOUTH,MATT,TWIN,SOUTH,757.00
Z2SAAY4PB1-3980,TWINXL ANNIVERSARY LATEX BT,SOUTH,MATT,TWINXL,SOUTH,770.00
Z2SAAY4PB1-5474,FULL ANNIVERSARY LATEX BT,SOUTH,MATT,FULL,SOUTH,947.00
Z2SAAY4PB1-6080,QUEEN ANNIVERSARY LATEX BT,SOUTH,MATT,QUEEN,SOUTH,980.00
Z2SAAY4PB1-7284,CAKING ANNIVERSARY LATEX BT,SOUTH,MATT,CAKING,SOUTH,1191.00
Z2SAAY4PB1-7680,E KING ANNIVERSARY LATEX BT,SOUTH,MATT,KING,SOUTH,1191.00
Z2SACC4PE1-6080,QUEEN COOL COMFORT PLUSH,SOUTH,MATT,QUEEN,SOUTH,904.00
Z2SASM4FE1-3974,TWIN STOCKHOLM LATEX FM,SOUTH,MATT,TWIN,SOUTH,757.00
Z2SASM4FE1-3980,TWINXL STOCKHOLM LATEX FM,SOUTH,MATT,TWINXL,SOUTH,770.00
Z2SASM4FE1-5474,FULL STOCKHOLM LATEX FM,SOUTH,MATT,FULL,SOUTH,947.00
Z2SASM4FE1-6080,QUEEN STOCKHOLM LATEX FM,SOUTH,MATT,QUEEN,SOUTH,980.00
Z2SASM4FE1-7284,CAKING STOCKHOLM LATEX FM,SOUTH,MATT,CAKING,SOUTH,1191.00
Z2SASM4FE1-7680,E KING STOCKHOLM LATEX FM,SOUTH,MATT,KING,SOUTH,1191.00
Z2SASM4PB1-3684,SPLIT CK SANDMAHN LATEX B/T,SOUTH,MATT,SPLCAK,SOUTH,1142.00
Z2SASM4PB1-3974,TWIN SANDMAHN LATEX B/T,SOUTH,MATT,TWIN,SOUTH,1115.00
Z2SASM4PB1-3980,TWINXL SANDMAHN LATEX B/T,SOUTH,MATT,TWINXL,SOUTH,1142.00
Z2SASM4PB1-5474,FULL SANDMAHN LATEX B/T,SOUTH,MATT,FULL,SOUTH,1629.00
Z2SASM4PB1-6080,QUEEN SANDMAHN LATEX B/T,SOUTH,MATT,QUEEN,SOUTH,1642.00
Z2SASM4PB1-7284,CAKING SANDMAHN LATEX B/T,SOUTH,MATT,CAKING,SOUTH,1898.00
Z2SASM4PB1-7680,E KING SANDMAHN LATEX B/T,SOUTH,MATT,KING,SOUTH,1898.00
Z6SBBXX1S4-3080,"SPLIT QU SMOKEY BLACK FND 5""",SOUTH,FOUND,QUFND,SOUTH,50.00
Z6SBBXX1S4-3684,"SPLIT CK LP SMOKEY BLK FND 5""",SOUTH,FOUND,SCKFND,SOUTH,70.00
Z6SBBXX1S4-3974,"TWIN LP SMOKEY BLACK FND 5""",SOUTH,FOUND,TWFND,SOUTH,68.00
Z6SBBXX1S4-3980,"TWINXL LP SMOKEY BLACK FND 5""",SOUTH,FOUND,TXLFND,SOUTH,70.00
Z6SBBXX1S4-5475,"FULL LP SMOKEY BLACK FND 5""",SOUTH,FOUND,FUFND,SOUTH,78.00
Z6SBBXX1S4-5480,"FULLXL LP SMOKEY BLACK FND 5""",SOUTH,FOUND,FXLFND,SOUTH,85.00
Z6SBBXX1S4-6080,"QUEEN LP SMOKEY BLACK FND 5""",SOUTH,FOUND,QUFND,SOUTH,85.00
Z6SBBXX1S9-3080,"SPLIT QU SMOKEY BLACK FND 9""",SOUTH,FOUND,QUFND,SOUTH,70.00
Z6SBBXX1S9-3684,"SPLIT CK SMOKEY BLACK FND 9""",SOUTH,FOUND,SCKFND,SOUTH,70.00
Z6SBBXX1S9-3974,"TWIN SMOKEY BLACK FND 9""",SOUTH,FOUND,TWFND,SOUTH,68.00
Z6SBBXX1S9-3980,"TWINXL SMOKEY BLACK FND 9""",SOUTH,FOUND,TXLFND,SOUTH,70.00
Z6SBBXX1S9-5474,"FULL SMOKEY BLACK FND 9""",SOUTH,FOUND,FUFND,SOUTH,78.00
Z6SBBXX1S9-5480,"FULLXL SMOKEY BLACK FND 9""",SOUTH,FOUND,FXLFND,SOUTH,85.00
Z6SBBXX1S9-6080,"QUEEN SMOKEY BLACK FND 9""",SOUTH,FOUND,QUFND,SOUTH,85.00
48600Q,"QUEEN WHITE FND 8""",SPINE,FOUND,QUFND,SPINE,110.00
CLOUDGELPT,QUEEN CLOUD GEL PILLOW TOP,SPINE,MATT,QUEEN,SPINE,550.00
ELE-MED-QN,ELEGANCE SUPREME GEL MEDIUM,SPINE,MATT,QUEEN,GUARD,500.00
MONETXFM-EK,E KING MONET EXTRA FIRM LATEX,SPINE,MATT,KING,SPINE,750.00
SB-UNIV05-09-5000,"QUEEN SPRING-AIR BLACK FND 9""",SPRING-AIR,FOUND,QUFND,CANN,94.00
SM-ASPENFM-3300,TWIN ASPEN FIRM,SPRING-AIR,MATT,TWIN,CANN,130.00
SM-ASPENFM-33XL,TWINXL ASPEN FIRM,SPRING-AIR,MATT,TWINXL,CANN,140.50
SM-ASPENFM-4600,FULL ASPEN FIRM,SPRING-AIR,MATT,FULL,CANN,170.00
SM-ASPENFM-5000,QUEEN ASPEN FIRM,SPRING-AIR,MATT,QUEEN,CANN,198.00
SM-DOGWDFM-3300,TWIN DOGWOOD FIRM,SPRING-AIR,MATT,TWIN,CANN,145.00
SM-DOGWDFM-4600,FULL DOGWOOD FIRM,SPRING-AIR,MATT,FULL,CANN,178.00
SM-DOGWDFM-5000,QUEEN DOGWOOD FIRM,SPRING-AIR,MATT,QUEEN,CANN,200.00
SM-DOGWDPT-3300,TWIN DOGWOOD PILLOW TOP,SPRING-AIR,MATT,TWIN,CANN,145.00
SM-DOGWDPT-33XL,TWINXL DOGWOOD PILLOW TOP,SPRING-AIR,MATT,TWINXL,CANN,152.00
SM-DOGWDPT-4600,FULL DOGWOOD PILLOW TOP,SPRING-AIR,MATT,FULL,CANN,178.00
SM-DOGWDPT-5000,QUEEN DOGWOOD PILLOW TOP,SPRING-AIR,MATT,QUEEN,CANN,200.00
SM-ERINFET-5000,"QUEEN ERIN MEDIUM EUROTOP 12""",SPRING-AIR,MATT,QUEEN,CANN,254.00
SM-FOXTAILFM-3300,TWIN FOXTAIL FIRM,SPRING-AIR,MATT,TWIN,CANN,119.00
SM-FRANCESCAFM-5000,"QN FRANCESCA HYBRID FIRM 13.5""",SPRING-AIR,MATT,QUEEN,CANN,433.00
SM-HUGHESFM-5000,QUEEN HUGHES FIRM,SPRING-AIR,MATT,QUEEN,CANN,297.00
SM-HUGHESFM-6600,E KING HUGHES FIRM,SPRING-AIR,MATT,KING,CANN,390.60
SM-HUGHESFM-6700,CAKING HUGHES FIRM,SPRING-AIR,MATT,CAKING,CANN,361.00
SM-HUGHESPT-33XL,TWINXL HUGHES PILLOW TOP,SPRING-AIR,MATT,TWINXL,CANN,249.90
SM-HUGHESPT-5000,QUEEN HUGHES PILLOW TOP,SPRING-AIR,MATT,QUEEN,CANN,283.50
SM-HUGHESPT-6600,E KING HUGHES PILLOW TOP,SPRING-AIR,MATT,KING,CANN,407.00
SM-ISABELPL-4600,FULL ISABEL PLUSH,SPRING-AIR,MATT,FULL,CANN,323.00
SM-ISABELPL-5000,QUEEN ISABEL PLUSH,SPRING-AIR,MATT,QUEEN,CANN,390.00
SM-ISABELPT-5000,QUEEN ISABEL P/T,SPRING-AIR,MATT,QUEEN,CANN,390.00
SM-ISABELPT-6600,E KING ISABEL P/T,SPRING-AIR,MATT,KING,CANN,510.00
SM-JOSIEPT-5000,QUEEN JOSIE P/T,SPRING-AIR,MATT,QUEEN,CANN,490.00
SM-KATRINAXF-5000,QUEEN KATRINA EXTRA FIRM,SPRING-AIR,MATT,QUEEN,CANN,575.00
SM-KATRINAXF-6600,E KING KATRINA EXTRA FIRM,SPRING-AIR,MATT,KING,CANN,719.00
SM-KATRINAXF-6700,CAKING KATRINA EXTRA FIRM,SPRING-AIR,MATT,CAKING,CANN,719.00
SM-OLIVEFM-3300,TWIN OLIVE FIRM,SPRING-AIR,MATT,TWIN,CANN,92.00
SM-OLIVEFM-33XL,TWINXL OLIVE FIRM,SPRING-AIR,MATT,TWINXL,CANN,98.00
SM-OLIVEFM-4600,FULL OLIVE FIRM,SPRING-AIR,MATT,FULL,CANN,126.00
SM-OLIVEFM-5000,QUEEN OLIVE FIRM,SPRING-AIR,MATT,QUEEN,CANN,149.00
SM-PALOVERD-3300,TWIN PALO VERDE,SPRING-AIR,MATT,TWIN,CANN,64.50
SM-PALOVERD-5000,QUEEN PALO VERDE,SPRING-AIR,MATT,QUEEN,CANN,100.00
SM-RAINERFM-6600,KING RAINIER FIRM,SPRING-AIR,MATT,QUEEN,CANN,982.00
SM-SLOANPT-3300,TWIN SLOAN PILLOW TOP,SPRING-AIR,MATT,TWIN,CANN,283.00
SM-SLOANPT-5000,QUEEN SLOAN PILLOWTOP,SPRING-AIR,MATT,QUEEN,CANN,364.00
SM-VANGOGHPT-5000,QUEEN VAN GOGH PILLOW TOP,SPRING-AIR,MATT,QUEEN,CANN,396.00
151131P4,STD S&F STUDIO LATEX PILLOW,STEARNS&FOSTER,PILLOW,PILLOW,TMPSL,51.60
151141P5,QUEEN S&F DOWN & LATEX PILLOW,STEARNS&FOSTER,PILLOW,PILLOW,TMPSL,71.60
151141P6,KING S&F LUX-ESTATE PILLOW,STEARNS&FOSTER,PILLOW,PILLOW,TMPSL,87.60
53001331-PROMO,TWINXL STUDIO MED TT,STEARNS&FOSTER,MATT,TWINXL,SEALY,717.00
53001340,FULL STUDIO MED TT,STEARNS&FOSTER,MATT,FULL,SEALY,827.00
53001351,QUEEN STUDIO MED TT,STEARNS&FOSTER,MATT,QUEEN,SEALY,827.00
53001351-PROMO,QUEEN STUDIO MED TT,STEARNS&FOSTER,MATT,QUEEN,SEALY,752.00
53001361,E KING STUDIO MED TT,STEARNS&FOSTER,MATT,KING,SEALY,1037.00
53001362-PROMO,CAKING STUDIO MED TT,STEARNS&FOSTER,MATT,CAKING,SEALY,962.00
53007731,TWINXL LUX-ESTATE ULTRA FM TT,STEARNS&FOSTER,MATT,TWINXL,SEALY,1254.00
53007731-PROMO,TWINXL LUX-ESTATE ULTRA FM TT,STEARNS&FOSTER,MATT,TWINXL,SEALY,1190.00
53007732-PROMO,SPLIT CK LUX-ESTATE ULTR FM TT,STEARNS&FOSTER,MATT,SPLCAK,SEALY,1190.00
53007751,QUEEN LUX-ESTATE ULTRA FIRM TT,STEARNS&FOSTER,MATT,QUEEN,SEALY,1289.00
53007751-PROMO,QUEEN LUX-ESTATE ULTRA FIRM TT,STEARNS&FOSTER,MATT,QUEEN,SEALY,1225.00
53007761,E KING LUX-ESTATE ULTRA FM TT,STEARNS&FOSTER,MATT,KING,SEALY,1499.00
53007761-PROMO,E KING LUX-ESTATE ULTRA FM TT,STEARNS&FOSTER,MATT,KING,SEALY,1435.00
53007762,CAKING LUX-ESTATE ULTRA FM TT,STEARNS&FOSTER,MATT,CAKING,SEALY,1499.00
53007762-PROMO,CAKING LUX-ESTATE ULTRA FM TT,STEARNS&FOSTER,MATT,CAKING,SEALY,1435.00
53008151,QUEEN RESERVE MED TT,STEARNS&FOSTER,MATT,QUEEN,SEALY,1839.00
53008161-PROMO,E KING RESERVE MED TT,STEARNS&FOSTER,MATT,KING,SEALY,1954.00
53008162,CAKING RESERVE MED TT,STEARNS&FOSTER,MATT,CAKING,SEALY,2049.00
53008162-PROMO,CAKING RESERVE MED TT,STEARNS&FOSTER,MATT,CAKING,SEALY,1954.00
53008451,QUEEN LUX-ESTATE SOFT EPT,STEARNS&FOSTER,MATT,QUEEN,SEALY,1504.00
53008451-PROMO,QUEEN LUX-ESTATE SOFT EPT,STEARNS&FOSTER,MATT,QUEEN,SEALY,1354.00
53008461,E KING LUX-ESTATE SOFT EPT,STEARNS&FOSTER,MATT,KING,SEALY,1714.00
53008461-PROMO,E KING LUX-ESTATE SOFT EPT,STEARNS&FOSTER,MATT,KING,SEALY,1564.00
53008462,CAKING LUX-ESTATE SOFT EPT,STEARNS&FOSTER,MATT,CAKING,SEALY,1714.00
53008462-PROMO,CAKING LUX-ESTATE SOFT EPT,STEARNS&FOSTER,MATT,CAKING,SEALY,1564.00
53008851,QUEEN ESTATE SOFT TT,STEARNS&FOSTER,MATT,QUEEN,SEALY,1055.00
53008862-PROMO,CAKING ESTATE SOFT TT,STEARNS&FOSTER,MATT,CAKING,SEALY,1190.00
53008931,TWINXL ESTATE FIRM TT,STEARNS&FOSTER,MATT,TWINXL,SEALY,1020.00
53008931-PROMO,TWINXL ESTATE FIRM TT,STEARNS&FOSTER,MATT,TWINXL,SEALY,945.00
53008940,FULL ESTATE FIRM TT,STEARNS&FOSTER,MATT,FULL,SEALY,1055.00
53008940-PROMO,FULL ESTATE FIRM TT,STEARNS&FOSTER,MATT,FULL,SEALY,980.00
53008951,QUEEN ESTATE FIRM TT,STEARNS&FOSTER,MATT,QUEEN,SEALY,1055.00
53008951-PROMO,QUEEN ESTATE FIRM TT,STEARNS&FOSTER,MATT,QUEEN,SEALY,980.00
53008961,E KING ESTATE FIRM TT,STEARNS&FOSTER,MATT,KING,SEALY,1265.00
53008961-PROMO,E KING ESTATE FIRM TT,STEARNS&FOSTER,MATT,KING,SEALY,1190.00
53008962,CAKING ESTATE FIRM TT,STEARNS&FOSTER,MATT,CAKING,SEALY,1265.00
53008962-PROMO,CAKING ESTATE FIRM TT,STEARNS&FOSTER,MATT,CAKING,SEALY,1190.00
53009031,TWINXL LUX-ESTATE MED TT,STEARNS&FOSTER,MATT,TWINXL,SEALY,1340.00
53009031-PROMO,TWINXL LUX-ESTATE MED TT,STEARNS&FOSTER,MATT,TWINXL,SEALY,1190.00
53009051,QUEEN LUX-ESTATE MED TT,STEARNS&FOSTER,MATT,QUEEN,SEALY,1375.00
53009051-PROMO,QUEEN LUX-ESTATE MED TT,STEARNS&FOSTER,MATT,QUEEN,SEALY,1225.00
53009061,E KING LUX-ESTATE MED TT,STEARNS&FOSTER,MATT,KING,SEALY,1585.00
53009061-PROMO,E KING LUX-ESTATE MED TT,STEARNS&FOSTER,MATT,KING,SEALY,1435.00
53009062,CAKING LUX-ESTATE MED TT,STEARNS&FOSTER,MATT,CAKING,SEALY,1585.00
53009062-PROMO,CAKING LUX-ESTATE MED TT,STEARNS&FOSTER,MATT,CAKING,SEALY,1435.00
53009131,TWINXL ESTATE SOFT EPT,STEARNS&FOSTER,MATT,TWINXL,SEALY,1108.00
53009132,SPLIT CK ESTATE SOFT EPT,STEARNS&FOSTER,MATT,SPLCAK,SEALY,1108.00
53009140,FULL ESTATE SOFT EPT,STEARNS&FOSTER,MATT,FULL,SEALY,1143.00
53009151,QUEEN ESTATE SOFT EPT,STEARNS&FOSTER,MATT,QUEEN,SEALY,1143.00
53009151-PROMO,QUEEN ESTATE SOFT EPT,STEARNS&FOSTER,MATT,QUEEN,SEALY,1068.00
53009161-PROMO,E KING ESTATE SOFT EPT,STEARNS&FOSTER,MATT,KING,SEALY,1278.00
53009162-PROMO,CAKING ESTATE SOFT EPT,STEARNS&FOSTER,MATT,CAKING,SEALY,1278.00
53009531,TWINXL ESTATE FIRM EPT,STEARNS&FOSTER,MATT,TWINXL,SEALY,1108.00
53009531-PROMO,TWINXL ESTATE FIRM EPT,STEARNS&FOSTER,MATT,TWINXL,SEALY,1033.00
53009532,SPLIT CK ESTATE FIRM EPT,STEARNS&FOSTER,MATT,SPLCAK,SEALY,1108.00
53009540-PROMO,FULL ESTATE FIRM EPT,STEARNS&FOSTER,MATT,FULL,SEALY,1068.00
53009551,QUEEN ESTATE FIRM EPT,STEARNS&FOSTER,MATT,QUEEN,SEALY,1143.00
53009551-PROMO,QUEEN ESTATE FIRM EPT,STEARNS&FOSTER,MATT,QUEEN,SEALY,1068.00
53009561,E KING ESTATE FIRM EPT,STEARNS&FOSTER,MATT,KING,SEALY,1353.00
53009561-PROMO,E KING ESTATE FIRM EPT,STEARNS&FOSTER,MATT,KING,SEALY,1278.00
53009562,CAKING ESTATE FIRM EPT,STEARNS&FOSTER,MATT,CAKING,SEALY,1353.00
53009562-PROMO,CAKING ESTATE FIRM EPT,STEARNS&FOSTER,MATT,CAKING,SEALY,1278.00
53009962-PROMO,CAKING RESERVE DUET FIRM,STEARNS&FOSTER,MATT,CAKING,SEALY,2634.00
53010051,QUEEN RESERVE SOFT EPT,STEARNS&FOSTER,MATT,QUEEN,SEALY,2199.00
53010051-PROMO,QUEEN RESERVE SOFT EPT,STEARNS&FOSTER,MATT,QUEEN,SEALY,2024.00
53010062-PROMO,CAKING RESERVE SOFT EPT,STEARNS&FOSTER,MATT,CAKING,SEALY,2234.00
53019230,TWIN STUDIO MED EPT,STEARNS&FOSTER,MATT,TWIN,SEALY,885.00
53019231,TWINXL STUDIO MED EPT,STEARNS&FOSTER,MATT,TWINXL,SEALY,885.00
53019240-PROMO,FULL STUDIO MED EPT,STEARNS&FOSTER,MATT,FULL,SEALY,845.00
53019251,QUEEN STUDIO MED EPT,STEARNS&FOSTER,MATT,QUEEN,SEALY,920.00
53019251-PROMO,QUEEN STUDIO MED EPT,STEARNS&FOSTER,MATT,QUEEN,SEALY,845.00
53019261,E KING STUDIO MED EPT,STEARNS&FOSTER,MATT,KING,SEALY,1130.00
53019261-PROMO,E KING STUDIO MED EPT,STEARNS&FOSTER,MATT,KING,SEALY,1055.00
53019262,CAKING STUDIO MED EPT,STEARNS&FOSTER,MATT,CAKING,SEALY,1130.00
53019262-PROMO,CAKING STUDIO MED EPT,STEARNS&FOSTER,MATT,CAKING,SEALY,1055.00
53019331-PROMO,TWINXL LUX-ESTATE MED EPT,STEARNS&FOSTER,MATT,TWINXL,SEALY,1412.00
53019351,QUEEN LUX-ESTATE MED EPT,STEARNS&FOSTER,MATT,QUEEN,SEALY,1597.00
53019351-PROMO,QUEEN LUX-ESTATE MED EPT,STEARNS&FOSTER,MATT,QUEEN,SEALY,1447.00
53019361,E KING LUX-ESTATE MED EPT,STEARNS&FOSTER,MATT,KING,SEALY,1807.00
53019361-PROMO,E KING LUX-ESTATE MED EPT,STEARNS&FOSTER,MATT,KING,SEALY,1657.00
53019362,CAKING LUX-ESTATE MED EPT,STEARNS&FOSTER,MATT,CAKING,SEALY,1807.00
53019362-PROMO,CAKING LUX-ESTATE MED EPT,STEARNS&FOSTER,MATT,CAKING,SEALY,1657.00
53019431,TWINXL LUX-ESTATE FIRM EPT,STEARNS&FOSTER,MATT,TWINXL,SEALY,1469.00
53019451,QUEEN LUX-ESTATE FIRM EPT,STEARNS&FOSTER,MATT,QUEEN,SEALY,1504.00
53019451-PROMO,QUEEN LUX-ESTATE FIRM EPT,STEARNS&FOSTER,MATT,QUEEN,SEALY,1354.00
53019461,E KING LUX-ESTATE FIRM EPT,STEARNS&FOSTER,MATT,KING,SEALY,1714.00
53019461-PROMO,E KING LUX-ESTATE FIRM EPT,STEARNS&FOSTER,MATT,KING,SEALY,1564.00
53019462,CAKING LUX-ESTATE FIRM EPT,STEARNS&FOSTER,MATT,CAKING,SEALY,1714.00
53019462-PROMO,CAKING LUX-ESTATE FIRM EPT,STEARNS&FOSTER,MATT,CAKING,SEALY,1564.00
53019951,QUEEN RESERVE FIRM EPT,STEARNS&FOSTER,MATT,QUEEN,SEALY,2199.00
53019961-PROMO,E KING RESERVE FIRM EPT,STEARNS&FOSTER,MATT,KING,SEALY,2234.00
53019962,CAKING RESERVE FIRM EPT,STEARNS&FOSTER,MATT,CAKING,SEALY,2409.00
53019962-PROMO,CAKING RESERVE FIRM EPT,STEARNS&FOSTER,MATT,CAKING,SEALY,2234.00
53051331,TWINXL ESTATE ULTRA FIRM TT,STEARNS&FOSTER,MATT,TWINXL,SEALY,1020.00
53051331-PROMO,TWINXL ESTATE ULTRA FIRM TT,STEARNS&FOSTER,MATT,TWINXL,SEALY,945.00
53051340,FULL ESTATE ULTRA FIRM TT,STEARNS&FOSTER,MATT,FULL,SEALY,1055.00
53051340-PROMO,FULL ESTATE ULTRA FIRM TT,STEARNS&FOSTER,MATT,FULL,SEALY,980.00
53051351,QUEEN ESTATE ULTRA FIRM TT,STEARNS&FOSTER,MATT,QUEEN,SEALY,1055.00
53051351-PROMO,QUEEN ESTATE ULTRA FIRM TT,STEARNS&FOSTER,MATT,QUEEN,SEALY,980.00
53051361,E KING ESTATE ULTRA FIRM TT,STEARNS&FOSTER,MATT,KING,SEALY,1265.00
53051361-PROMO,E KING ESTATE ULTRA FIRM TT,STEARNS&FOSTER,MATT,KING,SEALY,1190.00
53051362,CAKING ESTATE ULTRA FIRM TT,STEARNS&FOSTER,MATT,CAKING,SEALY,1265.00
53051362-PROMO,CAKING ESTATE ULTRA FIRM TT,STEARNS&FOSTER,MATT,CAKING,SEALY,1190.00
53167631-PROMO,TWINXL ESTATE MEDIUM TT,STEARNS&FOSTER,MATT,TWINXL,SEALY,810.00
53167640,FULL ESTATE MEDIUM TT,STEARNS&FOSTER,MATT,FULL,SEALY,920.00
53167640-PROMO,FULL ESTATE MEDIUM TT,STEARNS&FOSTER,MATT,FULL,SEALY,845.00
53167651,QUEEN ESTATE MEDIUM TT,STEARNS&FOSTER,MATT,QUEEN,SEALY,920.00
53167651-PROMO,QUEEN ESTATE MEDIUM TT,STEARNS&FOSTER,MATT,QUEEN,SEALY,845.00
53167661,E KING ESTATE MEDIUM TT,STEARNS&FOSTER,MATT,KING,SEALY,1130.00
53167661-PROMO,E KING ESTATE MEDIUM TT,STEARNS&FOSTER,MATT,KING,SEALY,1055.00
53167662-PROMO,CAKING ESTATE MEDIUM TT,STEARNS&FOSTER,MATT,CAKING,SEALY,1055.00
53167751,QUEEN LUX-ESTATE ELITE MED PT,STEARNS&FOSTER,MATT,QUEEN,SEALY,1679.00
53167751-PROMO,QUEEN LUX-ESTATE ELITE MED PT,STEARNS&FOSTER,MATT,QUEEN,SEALY,1529.00
53167762,CAKING LUX-ESTATE ELITE MED PT,STEARNS&FOSTER,MATT,CAKING,SEALY,1889.00
53167762-PROMO,CAKING LUX-ESTATE ELITE MED PT,STEARNS&FOSTER,MATT,CAKING,SEALY,1739.00
63048931,"TWINXL 2022 S&F SX4 FND 9""",STEARNS&FOSTER,FOUND,TXLFND,SEALY,130.00
63048932,"SPLIT CK 2022 S&F SX4 FND 9""",STEARNS&FOSTER,FOUND,SCKFND,SEALY,130.00
63048940,"FULL 2022 S&F SX4 FND 9""",STEARNS&FOSTER,FOUND,FUFND,SEALY,165.00
63048951,"QUEEN 2022 S&F SX4 FND 9""",STEARNS&FOSTER,FOUND,QUFND,SEALY,165.00
63049031,"TWINXL LP 2022 S&F SX3 FND 5""",STEARNS&FOSTER,FOUND,TXLFND,SEALY,130.00
63049032,"SPLIT CK LP '22 S&F SX3 FND 5""",STEARNS&FOSTER,FOUND,SCKFND,SEALY,130.00
63049040,"FULL LP 2022 S&F SX3 FND 5""",STEARNS&FOSTER,FOUND,FUFND,SEALY,165.00
63049051,"QUEEN LP 2022 S&F SX3 FND 5""",STEARNS&FOSTER,FOUND,QUFND,SEALY,165.00
ES2-EPT-CK,CAKING HURSTON PLUSH EURO-TOP,STEARNS&FOSTER,MATT,CAKING,SEALY,1275.00
ES2-EPT-F,FULL HURSTON PLUSH EURO-TOP,STEARNS&FOSTER,MATT,FULL,SEALY,982.00
ES2-EPT-K,E KING HURSTON PLUSH EURO-TOP,STEARNS&FOSTER,MATT,KING,SEALY,1275.00
ES2-EPT-Q,QUEEN HURSTON PLUSH EURO-TOP,STEARNS&FOSTER,MATT,QUEEN,SEALY,1005.00
ES2-EPT-SCK,SPLIT CK HURSTON PLUSH EUROTOP,STEARNS&FOSTER,MATT,SPLCAK,SEALY,960.00
ES2-EPT-TXL,TWINXL HURSTON PLUSH EURO-TOP,STEARNS&FOSTER,MATT,TWINXL,SEALY,960.00
ES4-EPS-K,E KING ROCKWELL PLUSH EUROTOP,STEARNS&FOSTER,MATT,KING,SEALY,1358.00
ES4-EPS-Q,QUEEN ROCKWELL PLUSH EUROTOP,STEARNS&FOSTER,MATT,QUEEN,SEALY,1100.00
ES4-EPT-CK,CAKING ROCKWELL FIRM EURO-TOP,STEARNS&FOSTER,MATT,CAKING,SEALY,1358.00
ES4-EPT-F,FULL ROCKWELL FIRM EURO-TOP,STEARNS&FOSTER,MATT,FULL,SEALY,1078.00
ES4-EPT-K,E KING ROCKWELL FIRM EURO-TOP,STEARNS&FOSTER,MATT,KING,SEALY,1358.00
ES4-EPT-Q,QUEEN ROCKWELL FIRM EURO-TOP,STEARNS&FOSTER,MATT,QUEEN,SEALY,1100.00
ES4-EPT-SCK,SPLIT CK ROCKWELL FIRM EURO-TO,STEARNS&FOSTER,MATT,SPLCAK,SEALY,1057.00
ES4-EPT-TXL,TWINXL ROCKWELL FIRM EURO-TOP,STEARNS&FOSTER,MATT,TWINXL,SEALY,1057.00
ES4-TT-CK,CAKING ROCKWELL ULTRA FIRM,STEARNS&FOSTER,MATT,CAKING,SEALY,1272.00
ES4-TT-F,FULL ROCKWELL ULTRA FIRM,STEARNS&FOSTER,MATT,FULL,SEALY,992.00
ES4-TT-K,E KING ROCKWELL ULTRA FIRM,STEARNS&FOSTER,MATT,KING,SEALY,1272.00
ES4-TT-Q,QUEEN ROCKWELL ULTRA FIRM,STEARNS&FOSTER,MATT,QUEEN,SEALY,1014.00
ES4-TT-SCK,SPLIT CK ROCKWELL ULTRA FIRM,STEARNS&FOSTER,MATT,SPLCAK,SEALY,971.00
ES4-TT-TXL,TWINXL ROCKWELL ULTRA FIRM,STEARNS&FOSTER,MATT,TWINXL,SEALY,971.00
LE2-EFT-CK,CAKING CASSATT FIRM EURO-TOP,STEARNS&FOSTER,MATT,CAKING,SEALY,1587.00
LE2-EFT-K,E KING CASSATT FIRM EURO-TOP,STEARNS&FOSTER,MATT,KING,SEALY,1587.00
LE2-EFT-Q,QUEEN CASSATT FIRM EURO-TOP,STEARNS&FOSTER,MATT,QUEEN,SEALY,1335.00
LE2-EPT-CK,CAKING CASSATT PLUSH EURO-TOP,STEARNS&FOSTER,MATT,CAKING,SEALY,1587.00
LE2-EPT-F,FULL CASSATT PLUSH EURO-TOP,STEARNS&FOSTER,MATT,FULL,SEALY,1314.00
LE2-EPT-K,E KING CASSATT PLUSH EURO-TOP,STEARNS&FOSTER,MATT,KING,SEALY,1587.00
LE2-EPT-Q,QUEEN CASSATT PLUSH EURO-TOP,STEARNS&FOSTER,MATT,QUEEN,SEALY,1335.00
LE2-EPT-SCK,SPLIT CK CASSATT PLUSH EURO-TO,STEARNS&FOSTER,MATT,SPLCAK,SEALY,1293.00
LE2-EPT-TXL,TWINXL CASSATT PLUSH EURO-TOP,STEARNS&FOSTER,MATT,TWINXL,SEALY,1293.00
LE2-TT-CK,CAKING CASSATT ULTRA FIRM,STEARNS&FOSTER,MATT,CAKING,SEALY,1458.00
LE2-TT-F,FULL CASSATT ULTRA FIRM,STEARNS&FOSTER,MATT,FULL,SEALY,1185.00
LE2-TT-K,E KING CASSATT ULTRA FIRM,STEARNS&FOSTER,MATT,KING,SEALY,1458.00
LE2-TT-LX-CK,CAKING CASSATT LUXURY FIRM,STEARNS&FOSTER,MATT,CAKING,SEALY,1458.00
LE2-TT-LX-F,FULL CASSATT LUXURY FIRM,STEARNS&FOSTER,MATT,FULL,SEALY,1185.00
LE2-TT-LX-K,E KING CASSATT LUXURY FIRM,STEARNS&FOSTER,MATT,KING,SEALY,1458.00
LE2-TT-LX-Q,QUEEN CASSATT LUXURY FIRM,STEARNS&FOSTER,MATT,QUEEN,SEALY,1206.00
LE2-TT-LX-SCK,SPLIT CK CASSATT LUXURY FIRM,STEARNS&FOSTER,MATT,SPLCAK,SEALY,1164.00
LE2-TT-LX-TXL,TWINXL CASSATT LUXURY FIRM,STEARNS&FOSTER,MATT,TWINXL,SEALY,1164.00
LE2-TT-Q,QUEEN CASSATT ULTRA FIRM,STEARNS&FOSTER,MATT,QUEEN,SEALY,1206.00
LE2-TT-SCK,SPLIT CK CASSATT ULTRA FIRM,STEARNS&FOSTER,MATT,SPLCAK,SEALY,1164.00
LE2-TT-TXL,TWINXL CASSATT ULTRA FIRM,STEARNS&FOSTER,MATT,TWINXL,SEALY,1164.00
LE2-UPEPT-Q,QUEEN CASSATT ULTRA PLUSH ET,STEARNS&FOSTER,MATT,QUEEN,SEALY,1329.00
RE2-EPT-CK,CAKING HEPBURN PLUSH EURO-TOP,STEARNS&FOSTER,MATT,CAKING,SEALY,2490.00
RE2-EPT-F,FULL HEPBURN PLUSH EURO-TOP,STEARNS&FOSTER,MATT,FULL,SEALY,2230.00
RE2-EPT-K,E KING HEPBURN PLUSH EURO-TOP,STEARNS&FOSTER,MATT,KING,SEALY,2490.00
RE2-EPT-Q,QUEEN HEPBURN PLUSH EURO-TOP,STEARNS&FOSTER,MATT,QUEEN,SEALY,2250.00
RE2-EPT-SCK,SPLIT CK HEPBURN PLUSH EUROTOP,STEARNS&FOSTER,MATT,SPLCAK,SEALY,2210.00
RE2-EPT-TXL,TWINXL HEPBURN PLUSH EURO-TOP,STEARNS&FOSTER,MATT,TWINXL,SEALY,2210.00
RE2-TT-CK,CAKING HEPBURN LUXURY FIRM,STEARNS&FOSTER,MATT,CAKING,SEALY,2090.00
RE2-TT-F,FULL HEPBURN LUXURY FIRM,STEARNS&FOSTER,MATT,FULL,SEALY,1830.00
RE2-TT-K,E KING HEPBURN LUXURY FIRM,STEARNS&FOSTER,MATT,KING,SEALY,2090.00
RE2-TT-Q,QUEEN HEPBURN LUXURY FIRM,STEARNS&FOSTER,MATT,QUEEN,SEALY,1850.00
RE2-TT-SCK,SPLIT CK HEPBURN LUXURY FIRM,STEARNS&FOSTER,MATT,SPLCAK,SEALY,1810.00
RE2-TT-TXL,TWINXL HEPBURN LUXURY FIRM,STEARNS&FOSTER,MATT,TWINXL,SEALY,1810.00
S&FBOX-LP-F,"FULL LP STEARNS&FOSTER FND 5""",STEARNS&FOSTER,FOUND,FUFND,SEALY,150.00
S&FBOX-LP-Q,"QUEEN LP STEARNS&FOSTER FND 5""",STEARNS&FOSTER,FOUND,QUFND,SEALY,150.00
S&FBOX-LP-SCK,"SPLIT CK LP STEARNS&FOS FND 5""",STEARNS&FOSTER,FOUND,SCKFND,SEALY,130.00
S&FBOX-LP-SPLQ,"SPLIT QU LP STEARNS&FOS FND 5""",STEARNS&FOSTER,FOUND,QUFND,SEALY,100.00
S&FBOX-LP-TXL,"TWINXL LP STEARNS&FOSTE FND 5""",STEARNS&FOSTER,FOUND,TXLFND,SEALY,130.00
S&FBOX-STD-F,"FULL STEARNS&FOSTER FND 9""",STEARNS&FOSTER,FOUND,FUFND,SEALY,150.00
S&FBOX-STD-Q,"QUEEN STEARNS&FOSTER FND 9""",STEARNS&FOSTER,FOUND,QUFND,SEALY,150.00
S&FBOX-STD-SCK,"SPLIT CK STEARNS&FOSTER FND 9""",STEARNS&FOSTER,FOUND,SCKFND,SEALY,130.00
S&FBOX-STD-SPLQ,"SPLIT QU STEARNS&FOSTER FND 9""",STEARNS&FOSTER,FOUND,QUFND,SEALY,100.00
S&FBOX-STD-TXL,"TWINXL STEARNS&FOSTER FND 9""",STEARNS&FOSTER,FOUND,TXLFND,SEALY,130.00
851243003569,LUNA PLUS STEAM CLEAN MOP,SUPPLIES,SUPPLY,SUPPLY,CSIHV,80.00
AA-BATTERIES,AA BATTERY 6 PACK,SUPPLIES,SUPPLY,SUPPLY,CSIHV,10.00
AAA-BATTERIES,AAA BATTERY 6 PACK,SUPPLIES,SUPPLY,SUPPLY,CSIHV,10.00
AFRAME-MATTRESSSIGN,A-FRAME MATTRESS SALE SIGN,SUPPLIES,SUPPLY,SUPPLY,CSIHV,0.00
AIRFRESHENER,AIR FRESHENER 2 PACK,SUPPLIES,SUPPLY,SUPPLY,CSIHV,4.00
AIRWICKREFILLS,REFILL FOR AIRWICK PLUG-INS,SUPPLIES,SUPPLY,SUPPLY,CSIHV,1.00
ALLPURPOSECLEANER,ALL-PURPOSE CLEANER,SUPPLIES,SUPPLY,SUPPLY,CSIHV,4.00
BALLOONSBLUE,"BLUE BALLOONS 11"" PACK OF 100",SUPPLIES,SUPPLY,SUPPLY,CSIHV,20.00
BALLOONSRED,"RED BALLOONS 11"" PACK OF 100",SUPPLIES,SUPPLY,SUPPLY,CSIHV,20.00
BALLOONSWHITE,"RED BALLOONS 11"" PACK OF 100",SUPPLIES,SUPPLY,SUPPLY,CSIHV,20.00
BLACKTONER,BLACK TONER FOR PRINTER,SUPPLIES,SUPPLY,SUPPLY,CSIHV,65.00
BUSINESS-CARDS,BOX OF BUSINESS CARDS,SUPPLIES,SUPPLY,SUPPLY,CSIHV,0.00
CABINET-5,5 DRAWER BLACK CABINET,SUPPLIES,SUPPLY,SUPPLY,CSIHV,0.00
CREDITCARDPAPER,CREDIT CARD PAPER 4 PACK,SUPPLIES,SUPPLY,SUPPLY,CSIHV,1.00
CUSTOMERCHAIR,DESK CHAIR FOR CUSTOMER,SUPPLIES,SUPPLY,SUPPLY,CSIHV,5.00
CYANTONER,CYAN TONER FOR PRINTER,SUPPLIES,SUPPLY,SUPPLY,CSIHV,75.00
DESK,OFFICE DESK,SUPPLIES,SUPPLY,SUPPLY,CSIHV,0.00
DESKTOP-COMPUTER,EMPLOYEE COMPUTER,SUPPLIES,SUPPLY,SUPPLY,CSIHV,0.00
EKB,E KING MATTRESS BAG,SUPPLIES,SUPPLY,SUPPLY,CSIHV,0.00
EMPLOYEECHAIR,GREY DESK CHAIR,SUPPLIES,SUPPLY,SUPPLY,CSIHV,10.00
ENVELOPES,BUSINESS ENVELOPES BOX 100,SUPPLIES,SUPPLY,SUPPLY,CSIHV,12.00
EXTENSIONCORD,EXTENSION CORD,SUPPLIES,SUPPLY,SUPPLY,CSIHV,0.00
FACIALTISSUE,KLENEX/ FACIAL TISSUE 2 PACK,SUPPLIES,SUPPLY,SUPPLY,CSIHV,2.00
FRIDGE,MINI FRIDGE,SUPPLIES,SUPPLY,SUPPLY,CSIHV,0.00
GLASSCLEANER,GLASSCLEANER,SUPPLIES,SUPPLY,SUPPLY,CSIHV,
GRID,GRIDWALL BLACK PANELS,SUPPLIES,SUPPLY,SUPPLY,CSIHV,0.00
HANDSOAP,HANDSOAP 2 PACK,SUPPLIES,SUPPLY,SUPPLY,CSIHV,3.00
HAWK-T-F,TWIN HAWK FIRM,SUPPLIES,MATT,TWIN,HAWK,170.00
HELIUMTANK,HELIUM TANK FOR BALLOONS,SUPPLIES,SUPPLY,SUPPLY,CSIHV,0.00
HIGHLIGHTER,HIGHLIGHTER MARKER,SUPPLIES,SUPPLY,SUPPLY,CSIHV,0.00
INSPECTION,MATTRESS INSPECTION,SUPPLIES,RF,RF,CSIHV,0.00
IRW-MATTRESSSALEKIT,MATTRESS SALE BANNER,SUPPLIES,SUPPLY,SUPPLY,CSIHV,72.95
LAMATTFOLDER,LA MATTRESS INVOICE FOLDERS,SUPPLIES,SUPPLY,SUPPLY,CSIHV,0.00
LINTREMOVER,LINT REMOVER ROLL 5 PACK,SUPPLIES,SUPPLY,SUPPLY,CSIHV,5.00
MAGENTATONER,MAGENTA TONER FOR PRINTER,SUPPLIES,SUPPLY,SUPPLY,CSIHV,75.00
MICROWAVE,MICROWAVE,SUPPLIES,SUPPLY,SUPPLY,CSIHV,0.00
OPENSIGN,OPEN LIGHT UP SIGN,SUPPLIES,SUPPLY,SUPPLY,CSIHV,0.00
PACKAGETAPE,PACKAGING TAPE 6-8PACK,SUPPLIES,SUPPLY,SUPPLY,CSIHV,1.00
PAPER-SHREDDER,PAPER SHREDDER,SUPPLIES,SUPPLY,SUPPLY,CSIHV,0.00
PAPERTOWELS,PAPERTOWEL 2 PACK,SUPPLIES,SUPPLY,SUPPLY,CSIHV,12.00
PENSPACK,"PEN BLACK, BLUE, AND RED",SUPPLIES,SUPPLY,SUPPLY,CSIHV,20.00
PERMANENTMARKER,LARGE MARKER PERMANENT,SUPPLIES,SUPPLY,SUPPLY,CSIHV,2.00
PERMANENTPEN,PEN BLACK PERMANENT,SUPPLIES,SUPPLY,SUPPLY,CSIHV,1.00
PHONEINBOX,BRAND NEW PHONE IN BOX,SUPPLIES,SUPPLY,SUPPLY,CSIHV,30.00
POST-ITS,POST-ITS 6 PACK,SUPPLIES,SUPPLY,SUPPLY,CSIHV,4.50
PRINTER,BROTHER MFC-9340CDW,SUPPLIES,SUPPLY,SUPPLY,CSIHV,0.00
PRINTPAPER,PRINTPAPER BY REAM(500 SHEET),SUPPLIES,SUPPLY,SUPPLY,CSIHV,4.00
QB,QUEEN MATTRESS BAG,SUPPLIES,SUPPLY,SUPPLY,CSIHV,
RUBBERBANDS,RUBBER BANDS BUNCH,SUPPLIES,SUPPLY,SUPPLY,CSIHV,1.00
SCOTCHTAPE,SCOTCH TAPE REFILLS,SUPPLIES,SUPPLY,SUPPLY,CSIHV,1.00
STAINREMOVER,WOOLITE STAIN REMOVER,SUPPLIES,SUPPLY,SUPPLY,CSIHV,4.00
STAMPS,STAMPS BOOK OF 10,SUPPLIES,SUPPLY,SUPPLY,CSIHV,20.00
STAPLER,DESK STAPLER,SUPPLIES,SUPPLY,SUPPLY,CSIHV,1.00
STAPLES,STAPLES REFILLS BOX OF 5000,SUPPLIES,SUPPLY,SUPPLY,CSIHV,4.85
TAPEMEASURE,TAPE MEASURE,SUPPLIES,SUPPLY,SUPPLY,CSIHV,10.00
TOILETPAPER,6-PACK TOILET PAPER,SUPPLIES,SUPPLY,SUPPLY,CSIHV,4.00
TRASHBAG10GAL,SHORT 10 GALLON BAGS 125 ROLL,SUPPLIES,SUPPLY,SUPPLY,CSIHV,3.00
TRASHBAG13GAL,TRASH BAG TALL 13 GAL 12 BAGS,SUPPLIES,SUPPLY,SUPPLY,CSIHV,5.00
TRASHBAG30GAL,LONG 30 GALLON BAGS 10 BAGS,SUPPLIES,SUPPLY,SUPPLY,CSIHV,5.00
WATERCOOLER,WATER DISPENSER,SUPPLIES,SUPPLY,SUPPLY,CSIHV,119.00
WHITEOUT,WHITE OUT TAPE,SUPPLIES,SUPPLY,SUPPLY,CSIHV,1.00
XFB,FOOTBOARD,SUPPLIES,SUPPLY,SUPPLY,CSIHV,5.00
YELLOWTONER,YELLOW TONER FOR PRINTER,SUPPLIES,SUPPLY,SUPPLY,CSIHV,75.00
iPhone,iphone,SUPPLIES,SUPPLY,SUPPLY,CSIHV,0.00
10203261,EKING ACTIVEBREEZE 2.0 MED HYB,TEMPURPEDIC,MATT,KING,TMPSL,3330.00
10203261-PROMO,EKING ACTIVEBREEZE 2.0 MED HYB,TEMPURPEDIC,MATT,KING,TMPSL,3240.00
10238232-PROMO,SPLIT CK LUXE BREEZE 2.0 M HYB,TEMPURPEDIC,MATT,SPLCAK,TMPSL,2291.00
10238251,QUEEN LUXE BREEZE 2.0 MED HYB,TEMPURPEDIC,MATT,QUEEN,TMPSL,2601.00
10238251-PROMO,QUEEN LUXE BREEZE 2.0 MED HYB,TEMPURPEDIC,MATT,QUEEN,TMPSL,2511.00
10238261,E KING LUXE BREEZE 2.0 MED HYB,TEMPURPEDIC,MATT,KING,TMPSL,2931.00
10238261-PROMO,E KING LUXE BREEZE 2.0 MED HYB,TEMPURPEDIC,MATT,KING,TMPSL,2841.00
10238262-PROMO,CAKING LUXE BREEZE 2.0 MED HYB,TEMPURPEDIC,MATT,CAKING,TMPSL,2841.00
10241231-PROMO,TWINXL PROBREEZE 2.0 MEDIUM,TEMPURPEDIC,MATT,TWINXL,TMPSL,1719.00
10241251,QUEEN PROBREEZE 2.0 MEDIUM,TEMPURPEDIC,MATT,QUEEN,TMPSL,2009.00
10241261,E KING PROBREEZE 2.0 MEDIUM,TEMPURPEDIC,MATT,KING,TMPSL,2349.00
10241262-PROMO,CAKING PROBREEZE 2.0 MEDIUM,TEMPURPEDIC,MATT,CAKING,TMPSL,2259.00
10242262,CAKING PROBREEZE 2.0 MED HYB,TEMPURPEDIC,MATT,CAKING,TMPSL,2349.00
10242262-PROMO,CAKING PROBREEZE 2.0 MED HYB,TEMPURPEDIC,MATT,CAKING,TMPSL,2259.00
10243251,QUEEN LUXE BREEZE 2.0 SOFT,TEMPURPEDIC,MATT,QUEEN,TMPSL,2601.00
10243261-PROMO,E KING LUXE BREEZE 2.0 SOFT,TEMPURPEDIC,MATT,KING,TMPSL,2841.00
10243262,CAKING LUXE BREEZE 2.0 SOFT,TEMPURPEDIC,MATT,CAKING,TMPSL,2931.00
10243262-PROMO,CAKING LUXE BREEZE 2.0 SOFT,TEMPURPEDIC,MATT,CAKING,TMPSL,2841.00
10244251,QUEEN LUXE BREEZE 2.0 FIRM,TEMPURPEDIC,MATT,QUEEN,TMPSL,2601.00
10244251-PROMO,QUEEN LUXE BREEZE 2.0 FIRM,TEMPURPEDIC,MATT,QUEEN,TMPSL,2511.00
10244261,E KING LUXE BREEZE 2.0 FIRM,TEMPURPEDIC,MATT,KING,TMPSL,2931.00
10244261-PROMO,E KING LUXE BREEZE 2.0 FIRM,TEMPURPEDIC,MATT,KING,TMPSL,2841.00
10244262,CAKING LUXE BREEZE 2.0 FIRM,TEMPURPEDIC,MATT,CAKING,TMPSL,2931.00
10244262-PROMO,CAKING LUXE BREEZE 2.0 FIRM,TEMPURPEDIC,MATT,CAKING,TMPSL,2841.00
10728231,TWINXL LUXEADAPT 2.0 MED. HYBR,TEMPURPEDIC,MATT,TWINXL,TMPSL,1929.00
10728231-PROMO,TWINXL LUXEADAPT 2.0 MED. HYBR,TEMPURPEDIC,MATT,TWINXL,TMPSL,1839.00
10728232,SPLIT CK LUXEADAPT 2.0 MED HYB,TEMPURPEDIC,MATT,SPLCAK,TMPSL,1929.00
10728232-PROMO,SPLIT CK LUXEADAPT 2.0 MED HYB,TEMPURPEDIC,MATT,SPLCAK,TMPSL,1839.00
10728251,QUEEN LUXEADAPT 2.0 MED. HYBR.,TEMPURPEDIC,MATT,QUEEN,TMPSL,2154.00
10728251-PROMO,QUEEN LUXEADAPT 2.0 MED. HYBR.,TEMPURPEDIC,MATT,QUEEN,TMPSL,2064.00
10728261,E KING LUXEADAPT 2.0 MED. HYBR,TEMPURPEDIC,MATT,KING,TMPSL,2469.00
10728261-PROMO,E KING LUXEADAPT 2.0 MED. HYBR,TEMPURPEDIC,MATT,KING,TMPSL,2379.00
10728262,CAKING LUXEADAPT 2.0 MED. HYBR,TEMPURPEDIC,MATT,CAKING,TMPSL,2469.00
10728262-PROMO,CAKING LUXEADAPT 2.0 MED. HYBR,TEMPURPEDIC,MATT,CAKING,TMPSL,2379.00
10745130,TWIN  ADAPT 2.0 MEDIUM,TEMPURPEDIC,MATT,TWIN,TMPSL,804.00
10745130-PROMO,TWIN  ADAPT 2.0 MEDIUM,TEMPURPEDIC,MATT,TWIN,TMPSL,774.00
10745131,TWINXL  ADAPT 2.0 MEDIUM,TEMPURPEDIC,MATT,TWINXL,TMPSL,804.00
10745131-PROMO,TWINXL  ADAPT 2.0 MEDIUM,TEMPURPEDIC,MATT,TWINXL,TMPSL,774.00
10745132,SPLIT CK  ADAPT 2.0 MEDIUM,TEMPURPEDIC,MATT,SPLCAK,TMPSL,804.00
10745132-PROMO,SPLIT CK  ADAPT 2.0 MEDIUM,TEMPURPEDIC,MATT,SPLCAK,TMPSL,774.00
10745140,FULL  ADAPT 2.0 MEDIUM,TEMPURPEDIC,MATT,FULL,TMPSL,964.00
10745140-PROMO,FULL  ADAPT 2.0 MEDIUM,TEMPURPEDIC,MATT,FULL,TMPSL,934.00
10745151,QUEEN  ADAPT 2.0 MEDIUM,TEMPURPEDIC,MATT,QUEEN,TMPSL,1034.00
10745151-PROMO,QUEEN  ADAPT 2.0 MEDIUM,TEMPURPEDIC,MATT,QUEEN,TMPSL,1004.00
10745161,E KING  ADAPT 2.0 MEDIUM,TEMPURPEDIC,MATT,KING,TMPSL,1355.00
10745161-PROMO,E KING  ADAPT 2.0 MEDIUM,TEMPURPEDIC,MATT,KING,TMPSL,1325.00
10745162,CAKING ADAPT 2.0 MEDIUM,TEMPURPEDIC,MATT,CAKING,TMPSL,1355.00
10745162-PROMO,CAKING  ADAPT 2.0 MEDIUM,TEMPURPEDIC,MATT,CAKING,TMPSL,1325.00
10746130,TWIN ADAPT 2.0 MEDIUM HYBRID,TEMPURPEDIC,MATT,TWIN,TMPSL,944.00
10746130-PROMO,TWIN ADAPT 2.0 MEDIUM HYBRID,TEMPURPEDIC,MATT,TWIN,TMPSL,914.00
10746131,TWINXL ADAPT 2.0 MED. HYBRID,TEMPURPEDIC,MATT,TWINXL,TMPSL,944.00
10746131-PROMO,TWINXL ADAPT 2.0 MED. HYBRID,TEMPURPEDIC,MATT,TWINXL,TMPSL,914.00
10746132-PROMO,SPLIT CK ADAPT 2.0 MED HYBRID,TEMPURPEDIC,MATT,SPLCAK,TMPSL,914.00
10746140,FULL  ADAPT 2.0 MEDIUM HYBRID,TEMPURPEDIC,MATT,FULL,TMPSL,1104.00
10746140-PROMO,FULL  ADAPT 2.0 MEDIUM HYBRID,TEMPURPEDIC,MATT,FULL,TMPSL,1074.00
10746151,QUEEN  ADAPT 2.0 MED. HYBRID,TEMPURPEDIC,MATT,QUEEN,TMPSL,1174.00
10746151-PROMO,QUEEN ADAPT 2.0 MEDIUM HYBRID,TEMPURPEDIC,MATT,QUEEN,TMPSL,1144.00
10746161,E KING ADAPT 2.0 MED. HYBRID,TEMPURPEDIC,MATT,KING,TMPSL,1495.00
10746161-PROMO,E KING ADAPT 2.0 MED. HYBRID,TEMPURPEDIC,MATT,KING,TMPSL,1465.00
10746162,CAKING ADAPT 2.0 MEDIUM HYBRID,TEMPURPEDIC,MATT,CAKING,TMPSL,1495.00
10746162-PROMO,CAKING ADAPT 2.0 MEDIUM HYBRID,TEMPURPEDIC,MATT,CAKING,TMPSL,1465.00
10747130,TWIN PROADAPT 2.0 FIRM,TEMPURPEDIC,MATT,TWIN,TMPSL,1340.00
10747130-PROMO,TWIN PROADAPT 2.0 FIRM,TEMPURPEDIC,MATT,TWIN,TMPSL,1280.00
10747131,TWINXL PROADAPT 2.0 FIRM,TEMPURPEDIC,MATT,TWINXL,TMPSL,1340.00
10747131-PROMO,TWINXL PROADAPT 2.0 FIRM,TEMPURPEDIC,MATT,TWINXL,TMPSL,1280.00
10747140,FULL PROADAPT 2.0 FIRM,TEMPURPEDIC,MATT,FULL,TMPSL,1497.00
10747140-PROMO,FULL PROADAPT 2.0 FIRM,TEMPURPEDIC,MATT,FULL,TMPSL,1437.00
10747151,QUEEN PROADAPT 2.0 FIRM,TEMPURPEDIC,MATT,QUEEN,TMPSL,1565.00
10747151-PROMO,QUEEN PROADAPT 2.0 FIRM,TEMPURPEDIC,MATT,QUEEN,TMPSL,1505.00
10747161,E KING PROADAPT 2.0 FIRM,TEMPURPEDIC,MATT,KING,TMPSL,1880.00
10747161-PROMO,E KING PROADAPT 2.0 FIRM,TEMPURPEDIC,MATT,KING,TMPSL,1820.00
10747162,CAKING PROADAPT 2.0 FIRM,TEMPURPEDIC,MATT,CAKING,TMPSL,1880.00
10747162-PROMO,CAKING PROADAPT 2.0 FIRM,TEMPURPEDIC,MATT,CAKING,TMPSL,1820.00
10748131,TWINXL PROADAPT 2.0 MEDIUM,TEMPURPEDIC,MATT,TWINXL,TMPSL,1340.00
10748131-PROMO,TWINXL PROADAPT 2.0 MEDIUM,TEMPURPEDIC,MATT,TWINXL,TMPSL,1280.00
10748132,SPLIT CK PROADAPT 2.0 MEDIUM,TEMPURPEDIC,MATT,SPLCAK,TMPSL,1340.00
10748151,QUEEN PROADAPT 2.0 MEDIUM,TEMPURPEDIC,MATT,QUEEN,TMPSL,1565.00
10748151-PROMO,QUEEN PROADAPT 2.0 MEDIUM,TEMPURPEDIC,MATT,QUEEN,TMPSL,1505.00
10748161,E KING PROADAPT 2.0 MEDIUM,TEMPURPEDIC,MATT,KING,TMPSL,1880.00
10748161-PROMO,E KING PROADAPT 2.0 MEDIUM,TEMPURPEDIC,MATT,KING,TMPSL,1820.00
10748162,CAKING PROADAPT 2.0 MEDIUM,TEMPURPEDIC,MATT,CAKING,TMPSL,1880.00
10748162-PROMO,CAKING PROADAPT 2.0 MEDIUM,TEMPURPEDIC,MATT,CAKING,TMPSL,1820.00
10749130-PROMO,TWIN PROADAPT 2.0 SOFT,TEMPURPEDIC,MATT,TWIN,TMPSL,1280.00
10749131,TWINXL PROADAPT 2.0 SOFT,TEMPURPEDIC,MATT,TWINXL,TMPSL,1340.00
10749151,QUEEN PROADAPT 2.0 SOFT,TEMPURPEDIC,MATT,QUEEN,TMPSL,1565.00
10749162-PROMO,CAKING PROADAPT 2.0 SOFT,TEMPURPEDIC,MATT,CAKING,TMPSL,1820.00
10752130,TWIN PROADAPT 2.0 MED. HYBRID,TEMPURPEDIC,MATT,TWIN,TMPSL,1340.00
10752131,TWINXL PROADAPT 2.0 MED. HYBR.,TEMPURPEDIC,MATT,TWINXL,TMPSL,1340.00
10752131-PROMO,TWINXL PROADAPT 2.0 MED. HYBR.,TEMPURPEDIC,MATT,TWINXL,TMPSL,1280.00
10752132,SPLIT CK PROADAPT 2.0 MED HYBR,TEMPURPEDIC,MATT,SPLCAK,TMPSL,1340.00
10752132-PROMO,SPLIT CK PROADAPT 2.0 MED HYBR,TEMPURPEDIC,MATT,SPLCAK,TMPSL,1280.00
10752140,FULL PROADAPT 2.0 MED. HYBRID,TEMPURPEDIC,MATT,FULL,TMPSL,1497.00
10752140-PROMO,FULL PROADAPT 2.0 MED. HYBRID,TEMPURPEDIC,MATT,FULL,TMPSL,1437.00
10752151,QUEEN PROADAPT 2.0 MED. HYBR.,TEMPURPEDIC,MATT,QUEEN,TMPSL,1565.00
10752151-PROMO,QUEEN PROADAPT 2.0 MED. HYBR.,TEMPURPEDIC,MATT,QUEEN,TMPSL,1505.00
10752161,E KING PROADAPT 2.0 MED. HYBR.,TEMPURPEDIC,MATT,KING,TMPSL,1880.00
10752161-PROMO,E KING PROADAPT 2.0 MED. HYBR.,TEMPURPEDIC,MATT,KING,TMPSL,1820.00
10752162,CAKING PROADAPT 2.0 MED. HYBR.,TEMPURPEDIC,MATT,CAKING,TMPSL,1880.00
10752162-PROMO,CAKING PROADAPT 2.0 MED. HYBR.,TEMPURPEDIC,MATT,CAKING,TMPSL,1820.00
10753151,QUEEN LUXEADAPT 2.0 SOFT,TEMPURPEDIC,MATT,QUEEN,TMPSL,1971.00
10753151-PROMO,QUEEN LUXEADAPT 2.0 SOFT,TEMPURPEDIC,MATT,QUEEN,TMPSL,2064.00
10753161,E KING LUXEADAPT 2.0 SOFT,TEMPURPEDIC,MATT,KING,TMPSL,2469.00
10753161-PROMO,E KING LUXEADAPT 2.0 SOFT,TEMPURPEDIC,MATT,KING,TMPSL,2379.00
10753162-PROMO,CAKING LUXEADAPT 2.0 SOFT,TEMPURPEDIC,MATT,CAKING,TMPSL,2379.00
10754151,QUEEN LUXEADAPT 2.0 FIRM,TEMPURPEDIC,MATT,QUEEN,TMPSL,2154.00
10754151-PROMO,QUEEN LUXEADAPT 2.0 FIRM,TEMPURPEDIC,MATT,QUEEN,TMPSL,2064.00
10754161,E KING LUXEADAPT 2.0 FIRM,TEMPURPEDIC,MATT,KING,TMPSL,2286.00
10754161-PROMO,E KING LUXEADAPT 2.0 FIRM,TEMPURPEDIC,MATT,KING,TMPSL,2379.00
10754162-PROMO,CAKING LUXEADAPT 2.0 FIRM,TEMPURPEDIC,MATT,CAKING,TMPSL,2379.00
15374250,QUEEN ADAPT PROLO 2.0 PILLOW,TEMPURPEDIC,PILLOW,PILLOW,TMPSL,70.00
15374270,KING ADAPT PROLO 2.0 PILLOW,TEMPURPEDIC,PILLOW,PILLOW,TMPSL,84.00
15376250,QUEEN ADAPT PROHI 2.0 PILLOW,TEMPURPEDIC,PILLOW,PILLOW,TMPSL,70.00
15376270,KING ADAPT PROHI 2.0 PILLOW,TEMPURPEDIC,PILLOW,PILLOW,TMPSL,84.00
15381225,KING BREEZE PROLO 2.0 PILLOW,TEMPURPEDIC,PILLOW,PILLOW,TMPSL,104.00
15381250,QUEEN BREEZE PROLO 2.0 PILLOW,TEMPURPEDIC,PILLOW,PILLOW,TMPSL,87.00
15382225,KING BREEZE PROHI 2.0 PILLOW,TEMPURPEDIC,PILLOW,PILLOW,TMPSL,104.00
15382250,QUEEN BREEZE PROHI 2.0 PILLOW,TEMPURPEDIC,PILLOW,PILLOW,TMPSL,87.00
25552131,TWINXL ADJUST TEMPUR ERGO 3.0,TEMPURPEDIC,ADJUST,TXLADJ,TMPSL,825.00
25552131-PROMO,TWINXL ADJUST TEMPUR ERGO 3.0,TEMPURPEDIC,ADJUST,TXLADJ,TMPSL,795.00
25552132,SPLIT CK ADJUST TEMPR ERGO 3.0,TEMPURPEDIC,ADJUST,CKADJ,TMPSL,825.00
25552132-PROMO,SPLIT CK ADJUST TEMPR ERGO 3.0,TEMPURPEDIC,ADJUST,CKADJ,TMPSL,795.00
25552140,FULL ADJUST TEMPUR ERGO 3.0,TEMPURPEDIC,ADJUST,FUADJ,TMPSL,875.00
25552140-PROMO,FULL ADJUST TEMPUR ERGO 3.0,TEMPURPEDIC,ADJUST,FUADJ,TMPSL,845.00
25552151,QUEEN ADJUST TEMPUR ERGO 3.0,TEMPURPEDIC,ADJUST,QUADJ,TMPSL,875.00
25552151-PROMO,QUEEN ADJUST TEMPUR ERGO 3.0,TEMPURPEDIC,ADJUST,QUADJ,TMPSL,845.00
25552161,E KING1PC ADJUST TEMPUR ERGO 3.0,TEMPURPEDIC,ADJUST,EKADJ,TMPSL,1225.00
25552161-PROMO,E KING1PC ADJUST TEMPUR ERGO 3.0,TEMPURPEDIC,ADJUST,EKADJ,TMPSL,1195.00
25552162,CAKING 1P ADJUST TEMP ERGO 3.0,TEMPURPEDIC,ADJUST,CKADJ,TMPSL,1225.00
25552162-PROMO,CAKING 1P ADJUST TEMP ERGO 3.0,TEMPURPEDIC,ADJUST,CKADJ,TMPSL,1195.00
25553131,TWINXL ADJUST TEMPR ERGO SMART,TEMPURPEDIC,ADJUST,TXLADJ,TMPSL,1075.00
25553131-PROMO,TWINXL ADJUST TEMPR ERGO SMART,TEMPURPEDIC,ADJUST,TXLADJ,TMPSL,1015.00
25553132,SPLIT CK ADJUST TEMP ERG SMART,TEMPURPEDIC,ADJUST,CKADJ,TMPSL,1075.00
25553132-PROMO,SPLIT CK ADJUST TEMP ERGO SMRT,TEMPURPEDIC,ADJUST,CKADJ,TMPSL,1015.00
25553151,QUEEN ADJUST TEMPUR ERGO SMART,TEMPURPEDIC,ADJUST,QUADJ,TMPSL,1125.00
25553161,E KING1P ADJUST TEMPUR ERGO SMART,TEMPURPEDIC,ADJUST,EKADJ,TMPSL,1475.00
25553161-PROMO,E KING1P ADJUST TEMPUR ERGO SMART,TEMPURPEDIC,ADJUST,EKADJ,TMPSL,1415.00
25553162,CAKING 1P ADJUST ERGO SMART,TEMPURPEDIC,ADJUST,CKADJ,TMPSL,1475.00
25553162-PROMO,CAKING 1P ADJUST ERGO SMART,TEMPURPEDIC,ADJUST,CKADJ,TMPSL,1415.00
25554131,TWINXL ADJUST TEMPUR PROSMART,TEMPURPEDIC,ADJUST,TXLADJ,TMPSL,1330.00
25554131-PROMO,TWINXL ADJUST TEMPUR PROSMART,TEMPURPEDIC,ADJUST,TXLADJ,TMPSL,1270.00
25554132,SPLIT CK ADJUST ERGO PROSMART,TEMPURPEDIC,ADJUST,CKADJ,TMPSL,1330.00
25554132-PROMO,SPLIT CK ADJUST ERGO PROSMART,TEMPURPEDIC,ADJUST,CKADJ,TMPSL,1270.00
25554151,QUEEN ADJUST ERGO PROSMART,TEMPURPEDIC,ADJUST,QUADJ,TMPSL,1380.00
25554151-PROMO,QUEEN ADJUST ERGO PROSMART,TEMPURPEDIC,ADJUST,QUADJ,TMPSL,1320.00
25554161,E KING1P ADJUST ERGO PROSMART,TEMPURPEDIC,ADJUST,EKADJ,TMPSL,1725.00
25554161-PROMO,E KING1P ADJUST ERGO PROSMART,TEMPURPEDIC,ADJUST,EKADJ,TMPSL,1665.00
25554162,CAKING 1P ADJUST ERGO PROSMART,TEMPURPEDIC,ADJUST,CKADJ,TMPSL,1725.00
25554162-PROMO,CAKING 1P ADJUST ERGO PROSMART,TEMPURPEDIC,ADJUST,CKADJ,TMPSL,1665.00
25556131-PROMO,TWINXL ADJ TEMPUR PROSMART AIR,TEMPURPEDIC,ADJUST,TXLADJ,TMPSL,1690.00
40100531,TWINXL COTTON SHEET SET - GRAY,TEMPURPEDIC,TOPBED,TXLSHE,TMPSL,68.00
42557299,ERGO-WIRELESS REMOTE CONTROL,TEMPURPEDIC,ADJUST,ADJBAS,TMPSL,41.00
45188196,"TEMPUR 12"" STACKABLE LEG QTY 6",TEMPURPEDIC,ADJUST,ADJBAS,TMPSL,34.00
455721,TEMPUR SLEEPTRACKER MONITER,TEMPURPEDIC,ADJUST,ADJBAS,TMPSL,150.00
455722,ERGO WIRELESS CONTROLLER,TEMPURPEDIC,ADJUST,ADJBAS,TMPSL,41.00
507691,QUEEN CLEAN SHOP PILLOW SHEILD,TEMPURPEDIC,PROT,PILPRO,TMPSL,32.00
ADAPT-M-HYB-CK,CAKING ADAPT HYBRID MEDIUM,TEMPURPEDIC,MATT,CAKING,TMPSL,1495.00
ADAPT-MED-CK,CAKING TEMPUR-ADAPT MEDIUM,TEMPURPEDIC,MATT,CAKING,TMPSL,1355.00
ADAPT-MED-F,FULL TEMPUR-ADAPT MEDIUM,TEMPURPEDIC,MATT,FULL,TMPSL,964.00
ADAPT-MED-K,E KING TEMPUR-ADAPT MEDIUM,TEMPURPEDIC,MATT,KING,TMPSL,1355.00
ADAPT-MED-Q,QUEEN TEMPUR-ADAPT MEDIUM,TEMPURPEDIC,MATT,QUEEN,TMPSL,1034.00
ADAPT-MED-SCK,SPLIT CK TEMPUR-ADAPT MEDIUM,TEMPURPEDIC,MATT,SPLCAK,TMPSL,804.00
ADAPT-MED-T,TWIN TEMPUR-ADAPT MEDIUM,TEMPURPEDIC,MATT,TWIN,TMPSL,804.00
ADAPT-MED-TXL,TWINXL TEMPUR-ADAPT MEDIUM,TEMPURPEDIC,MATT,TWINXL,TMPSL,804.00
ADAPT-MEDHYB-F,FULL ADAPT HYBRID MEDIUM,TEMPURPEDIC,MATT,FULL,TMPSL,1104.00
ADAPT-MEDHYB-K,E KING ADAPT HYBRID MEDIUM,TEMPURPEDIC,MATT,KING,TMPSL,1495.00
ADAPT-MEDHYB-Q,QUEEN ADAPT HYBRID MEDIUM,TEMPURPEDIC,MATT,QUEEN,TMPSL,1174.00
ADAPT-MEDHYB-SCK,SPLIT CK  ADAPT HYBRID MEDIUM,TEMPURPEDIC,MATT,SPLCAK,TMPSL,944.00
ADAPT-MEDHYB-T,TWIN ADAPT HYBRID MEDIUM,TEMPURPEDIC,MATT,TWIN,TMPSL,944.00
ADAPT-MEDHYB-TXL,TWINXL ADAPT HYBRID MEDIUM,TEMPURPEDIC,MATT,TWINXL,TMPSL,944.00
ADAPTMED-COVER-Q,Q ADAPT-MED COVER REPLACEMENT,TEMPURPEDIC,PROT,QUPRO,TMPSL,205.00
LUXADAPT-F-CK,CAKING TEMPUR-LUXEADAPT FIRM,TEMPURPEDIC,MATT,CAKING,TMPSL,2240.00
LUXADAPT-F-K,E KING TEMPUR-LUXEADAPT FIRM,TEMPURPEDIC,MATT,KING,TMPSL,2240.00
LUXADAPT-F-Q,QUEEN TEMPUR-LUXEADAPT FIRM,TEMPURPEDIC,MATT,QUEEN,TMPSL,1925.00
LUXADAPT-F-SCK,SPLIT CK TEMPUR-LUXEADAPT FIRM,TEMPURPEDIC,MATT,SPLCAK,TMPSL,1700.00
LUXADAPT-F-TXL,TWINXL TEMPUR-LUXEADAPT FIRM,TEMPURPEDIC,MATT,TWINXL,TMPSL,1700.00
LUXADAPT-S-CK,CAKING TEMPUR-LUXEADAPT SOFT,TEMPURPEDIC,MATT,CAKING,TMPSL,2240.00
LUXADAPT-S-K,E KING TEMPUR-LUXEADAPT SOFT,TEMPURPEDIC,MATT,KING,TMPSL,2240.00
LUXADAPT-S-Q,QUEEN TEMPUR-LUXEADAPT SOFT,TEMPURPEDIC,MATT,QUEEN,TMPSL,1925.00
LUXADAPT-S-SCK,SPLIT CK TEMPUR-LUXEADAPT SOFT,TEMPURPEDIC,MATT,SPLCAK,TMPSL,1700.00
LUXADAPT-S-TXL,TWINXL TEMPUR-LUXEADAPT SOFT,TEMPURPEDIC,MATT,TWINXL,TMPSL,1700.00
PROADAPT-F-CK,CAKING TEMPUR-PROADAPT FIRM,TEMPURPEDIC,MATT,CAKING,TMPSL,1880.00
PROADAPT-F-F,FULL TEMPUR-PROADAPT FIRM,TEMPURPEDIC,MATT,FULL,TMPSL,1497.00
PROADAPT-F-K,E KING TEMPUR-PROADAPT FIRM,TEMPURPEDIC,MATT,KING,TMPSL,1880.00
PROADAPT-F-Q,QUEEN TEMPUR-PROADAPT FIRM,TEMPURPEDIC,MATT,QUEEN,TMPSL,1565.00
PROADAPT-F-SCK,SPLIT CK TEMPUR-PROADAPT FIRM,TEMPURPEDIC,MATT,SPLCAK,TMPSL,1340.00
PROADAPT-F-T,TWIN TEMPUR-PROADAPT FIRM,TEMPURPEDIC,MATT,TWIN,TMPSL,1340.00
PROADAPT-F-TXL,TWINXL TEMPUR-PROADAPT FIRM,TEMPURPEDIC,MATT,TWINXL,TMPSL,1340.00
PROADAPT-HM-CK,CAKING PROADAPT HYBRID MEDIUM,TEMPURPEDIC,MATT,CAKING,TMPSL,1880.00
PROADAPT-M-CK,CAKING TEMPUR-PROADAPT MEDIUM,TEMPURPEDIC,MATT,CAKING,TMPSL,1880.00
PROADAPT-M-F,FULL TEMPUR-PROADAPT MEDIUM,TEMPURPEDIC,MATT,FULL,TMPSL,1497.00
PROADAPT-M-HYB-F,FULL PROADAPT HYBRID MEDIUM,TEMPURPEDIC,MATT,FULL,TMPSL,1497.00
PROADAPT-M-HYB-K,E KING PROADAPT HYBRID MEDIUM,TEMPURPEDIC,MATT,KING,TMPSL,1880.00
PROADAPT-M-HYB-Q,QUEEN PROADAPT HYBRID MEDIUM,TEMPURPEDIC,MATT,QUEEN,TMPSL,1565.00
PROADAPT-M-HYB-T,TWIN PROADAPT HYBRID MEDIUM,TEMPURPEDIC,MATT,TWIN,TMPSL,1340.00
PROADAPT-M-HYB-TXL,TWINXL PROADAPT HYBRID MEDIUM,TEMPURPEDIC,MATT,TWINXL,TMPSL,1340.00
PROADAPT-M-K,E KING TEMPUR-PROADAPT MEDIUM,TEMPURPEDIC,MATT,KING,TMPSL,1880.00
PROADAPT-M-Q,QUEEN TEMPUR-PROADAPT MEDIUM,TEMPURPEDIC,MATT,QUEEN,TMPSL,1565.00
PROADAPT-M-SCK,SPLIT CK TEMPUR-PROADAPT MED,TEMPURPEDIC,MATT,SPLCAK,TMPSL,1340.00
PROADAPT-M-T,TWIN TEMPUR-PROADAPT MEDIUM,TEMPURPEDIC,MATT,TWIN,TMPSL,1340.00
PROADAPT-M-TXL,TWINXL TEMPUR-PROADAPT MEDIUM,TEMPURPEDIC,MATT,TWINXL,TMPSL,1340.00
PROADAPT-S-CK,CAKING TEMPUR-PROADAPT SOFT,TEMPURPEDIC,MATT,CAKING,TMPSL,1880.00
PROADAPT-S-F,FULL TEMPUR-PROADAPT SOFT,TEMPURPEDIC,MATT,FULL,TMPSL,1497.00
PROADAPT-S-K,E KING TEMPUR-PROADAPT SOFT,TEMPURPEDIC,MATT,KING,TMPSL,1880.00
PROADAPT-S-Q,QUEEN TEMPUR-PROADAPT SOFT,TEMPURPEDIC,MATT,QUEEN,TMPSL,1565.00
PROADAPT-S-SCK,SPLIT CK TEMPUR-PROADAPT SOFT,TEMPURPEDIC,MATT,SPLCAK,TMPSL,1340.00
PROADAPT-S-T,TWIN TEMPUR-PROADAPT SOFT,TEMPURPEDIC,MATT,TWIN,TMPSL,1340.00
PROADAPT-S-TXL,TWINXL TEMPUR-PROADAPT SOFT,TEMPURPEDIC,MATT,TWINXL,TMPSL,1340.00
TEMP-ERG-ST-CK-1PC,CAKING 1P ADJUST ERGO SMART,TEMPURPEDIC,ADJUST,CKADJ,TMPSL,1350.00
TEMP-ERG-ST-Q,QUEEN ADJUST TEMP-ERG W/S-T,TEMPURPEDIC,ADJUST,QUADJ,TMPSL,1000.00
TEMP-ERG-ST-TXL,TWINXL ADJUST TEMP-ERG W/S-T,TEMPURPEDIC,ADJUST,TXLADJ,TMPSL,675.00
TEMP-EXT-ST-Q,QUEEN ADJUST TEMP-EXTEND,TEMPURPEDIC,ADJUST,QUADJ,TMPSL,1305.00
TEMP-EXT-ST-SCK,SPLIT CK ADJUST TEMP-EXT W/S-T,TEMPURPEDIC,ADJUST,CKADJ,TMPSL,1200.00
TEMP-NECK-STD,STANDARD TEMPUR FM NECK PILLOW,TEMPURPEDIC,PILLOW,PILLOW,TMPSL,76.50
TEMP-SY,TEMPUR-SYMPHONY PILLOW,TEMPURPEDIC,PILLOW,PILLOW,TMPSL,63.50
TEMPUR-ERGO-CK-1PC,CAKING 1PC ADJUST TEMPUR-ERGO,TEMPURPEDIC,ADJUST,CKADJ,TMPSL,1200.00
TEMPUR-ERGO-F,FULL ADJUST TEMPUR-ERGO,TEMPURPEDIC,ADJUST,FUADJ,TMPSL,850.00
TEMPUR-ERGO-TXL,TWINXL ADJUST TEMPUR-ERGO 2.0,TEMPURPEDIC,ADJUST,TXLADJ,TMPSL,600.00
TEMPUR-UHB,TEMPURPEDIC UNIV. HB BRACKET,TEMPURPEDIC,ADJUST,ADJBAS,TMPSL,22.00
TEMPURBOX-LP-F,"FULL LP TEMPURPEDIC FND 5""",TEMPURPEDIC,FOUND,FUFND,TMPSL,195.00
TEMPURBOX-LP-Q,"QUEEN LP TEMPURPEDIC FND 5""",TEMPURPEDIC,FOUND,QUFND,TMPSL,195.00
TEMPURBOX-LP-SCK,"SPLIT CK LP TEMPURPEDIC FND 5""",TEMPURPEDIC,FOUND,SCKFND,TMPSL,135.00
TEMPURBOX-LP-SPLQ,"SPLIT QU LP TEMPURPEDIC FND 5""",TEMPURPEDIC,FOUND,QUFND,TMPSL,125.00
TEMPURBOX-LP-T,"TWIN LP TEMPURPEDIC FND 5""",TEMPURPEDIC,FOUND,TWFND,TMPSL,135.00
TEMPURBOX-LP-TXL,"TWINXL LP TEMPURPEDIC FND 5""",TEMPURPEDIC,FOUND,TXLFND,TMPSL,135.00
TEMPURBOX-STD-F,"FULL TEMPURPEDIC FND 9""",TEMPURPEDIC,FOUND,FUFND,TMPSL,195.00
TEMPURBOX-STD-Q,"QUEEN TEMPURPEDIC FND 9""",TEMPURPEDIC,FOUND,QUFND,TMPSL,195.00
TEMPURBOX-STD-SCK,"SPLIT CK TEMPURPEDIC FND 9""",TEMPURPEDIC,FOUND,SCKFND,TMPSL,135.00
TEMPURBOX-STD-SPLQ,"SPLIT QU TEMPURPEDIC FND 9""",TEMPURPEDIC,FOUND,QUFND,TMPSL,125.00
TEMPURBOX-STD-T,"TWIN TEMPURPEDIC FND 9""",TEMPURPEDIC,FOUND,TWFND,TMPSL,135.00
TEMPURBOX-STD-TXL,"TWINXL TEMPURPEDIC FND 9""",TEMPURPEDIC,FOUND,TXLFND,TMPSL,135.00
TEMPURBOX-ULP-F,"FULL BB TEMPURPEDIC FND 2""",TEMPURPEDIC,FOUND,FUFND,TMPSL,195.00
TEMPURBOX-ULP-Q,"QUEEN BB TEMPURPEDIC FND 2""",TEMPURPEDIC,FOUND,QUFND,TMPSL,195.00
TEMPURBOX-ULP-SCK,"SPLIT CK BB TEMPURPEDIC FND 2""",TEMPURPEDIC,FOUND,SCKFND,TMPSL,135.00
TEMPURBOX-ULP-T,"TWIN BB TEMPURPEDIC FND 2""",TEMPURPEDIC,FOUND,TWFND,TMPSL,135.00
TEMPURBOX-ULP-TXL,"TWINXL BB TEMPURPEDIC FND 2""",TEMPURPEDIC,FOUND,TXLFND,TMPSL,135.00
TPF40103,TEMPUR PILLOW GUARD (BOX x 75),TEMPURPEDIC,SUPPLY,SUPPLY,TMPSL,0.00
BASEINSTALL,POWER BASE INSTALLATION,VDS,NONINV,VDSDEL,VDS,20.00
CLEANBED,CLEAN CALKING BED ON FLOOR,VDS,SUPPLY,SUPPLY,CSIHV,0.00
FURNINSTALL,FURNITURE INSTALLATION,VDS,NONINV,VDSDEL,VDS,
FURNREMOVAL,FURNITURE REMOVAL,VDS,NONINV,VDSDEL,VDS,
MATTRESS-FLR-CLEAN,FLOOR MATTRESS CLEANING,VDS,NONINV,VDSDEL,VDS,
SERVICE01,T/F/Q/K BED INSTALL & SETUP,VDS,NONINV,VDSDEL,VDS,0.00
SHEETS,CAKING SHEETS,VDS,FURN,BED,CSIHV,0.01
VDS-OUTSIDE-DELIVERY,CUSTOMER MOVER SERVICE,VDS,NONINV,VDSDEL,VDS,
22773NIGHTSTAND,MANFRED NIGHTSTAND DARK WALNUT,ACME,FURN,BED,ACME,102.00
25853,CYRILLE NIGHTSTAND,ACME,FURN,BED,ACME,62.00
59852,APPLEWOOD ACCENT CHAIR,ACME,FURN,DINE,ACME,59.00
STEEL-CHAIR,BLUE/GRAY STEEL CUSTOMER CHAIR,ACME,SUPPLY,SUPPLY,ACME,0.00
8811G,ODD SIZE T/F CLAMP FRAME,AMERI,BED,FRAMES,AMERI,29.50
8816G,ODD SIZE TXL-QU CLAMP FRAME,AMERI,BED,FRAMES,AMERI,29.50
CF38,"TWIN 9"" FOUNDATION COVER",AMERI,PROT,TWPRO,AMERI,18.00
CF38XL,"TWINXL 9"" FOUNDATION COVER",AMERI,PROT,TXLPRO,AMERI,19.00
CF53,"FULL 9"" FOUNDATION COVER",AMERI,PROT,FUPRO,AMERI,21.00
CF60,"QUEEN 9"" FOUNDATION COVER",AMERI,PROT,QUPRO,AMERI,23.00
CF72,"SPLIT CK 9"" FOUNDATION COVER",AMERI,PROT,CKPRO,AMERI,19.00
CH38,"TWIN 14"" ZIPPERED ENCASEMENT",AMERI,PROT,TWPRO,AMERI,22.00
CH38XL,"TWINXL 14"" ZIPPERED ENCASEMENT",AMERI,PROT,TXLPRO,AMERI,23.00
CH53,"FULL 14"" ZIPPERED ENCASEMENT",AMERI,PROT,FUPRO,AMERI,25.00
CH60,"QUEEN 14"" ZIPPERED ENCASEMENT",AMERI,PROT,QUPRO,AMERI,27.00
CH72,"CAKING 14"" ZIPPED ENCASEMENT",AMERI,PROT,CKPRO,AMERI,36.00
CH76,"E KING 14"" ZIPPERED ENCASEMENT",AMERI,PROT,EKPRO,AMERI,36.00
CN38,TWIN TENCEL JERSEY PROTECTOR,AMERI,PROT,TWPRO,AMERI,16.00
CN53,FULL TENCEL JERSEY PROTECTOR,AMERI,PROT,FUPRO,AMERI,19.00
CN60,QUEEN TENCEL JERSEY PROTECTOR,AMERI,PROT,QUPRO,AMERI,20.00
CN72,CAKING TENCEL JERSEY PROTECT,AMERI,PROT,CKPRO,AMERI,26.00
CN76,E KING TENCEL JERSEY PROTECTOR,AMERI,PROT,EKPRO,AMERI,26.00
CS38,"TWIN 10"" ZIPPERED ENCASEMENT",AMERI,PROT,TWPRO,AMERI,20.00
CS38XL,"TWINXL 10"" ZIPPERED ENCASEMENT",AMERI,PROT,TXLPRO,AMERI,21.00
CS53,"FULL 10"" ZIPPERED ENCASEMENT",AMERI,PROT,FUPRO,AMERI,23.00
CS60,"QUEEN 10"" ZIPPERED ENCASEMENT",AMERI,PROT,QUPRO,AMERI,25.00
CS72,"CAKING 10"" ZIPPED ENCASEMENT",AMERI,PROT,CKPRO,AMERI,34.00
CS76,"E KING 10"" ZIPPERED ENCASEMENT",AMERI,PROT,EKPRO,AMERI,34.00
CT38,TWIN TERRY CLOTH PROTECTOR,AMERI,PROT,TWPRO,AMERI,13.00
CT38XL,TWINXL TERRY CLOTH PROTECTOR,AMERI,PROT,TXLPRO,AMERI,14.00
CT53,FULL TERRY CLOTH PROTECTOR,AMERI,PROT,FUPRO,AMERI,15.00
CT60,QUEEN TERRY CLOTH PROTECTOR,AMERI,PROT,QUPRO,AMERI,17.00
CT72,CAKING TERRY CLOTH PROTECTOR,AMERI,PROT,CKPRO,AMERI,22.00
CT76,E KING TERRY CLOTH PROTECTOR,AMERI,PROT,EKPRO,AMERI,22.00
K81,TWIN/FULL FRAME,AMERI,BED,FRAMES,AMERI,26.00
K81G,TWIN/FULL FRAME,AMERI,BED,FRAMES,AMERI,30.00
K87,QN/FULL/TWIN FRAME,AMERI,BED,FRAMES,AMERI,35.50
K87G,QN/FULL/TWIN FRAME,AMERI,BED,FRAMES,AMERI,40.00
K88,EK/CK/QN FRAME,AMERI,BED,FRAMES,AMERI,39.50
K88G,EK/CK/QN FRAME,AMERI,BED,FRAMES,AMERI,46.00
PM2416,QUEEN MEMORY FOAM PILLOW,AMERI,PILLOW,PILLOW,AMERI,8.00
PM2815,QN SHREDDED MEMORY FOAM PILLOW,AMERI,PILLOW,PILLOW,AMERI,10.00
PMGR2,QN SHREDDED MEMORY FOAM PILLOW,AMERI,PILLOW,PILLOW,AMERI,6.00
SOFA-M-Q,"QUEEN 5"" SOFA MEMORY FOAM BED",AMERI,FURN,DAYBED,AMERI,135.00
1644-280,"80"" CONSOLE - BISCOTTI",ASPENHOME,FURN,LIVING,FVI,548.44
1644-280B,TV BACKER PANEL - BISCOTTI,ASPENHOME,FURN,LIVING,FVI,385.12
1644-9100,LIFT TOP COCKTAIL TABLE,ASPENHOME,FURN,LIVING,FVI,498.78
I206-406,RAILS HAMILTON-EK,ASPENHOME,FURN,BED,FVI,151.96
I206-407D,FB HAMILTON-K,ASPENHOME,FURN,BED,FVI,480.53
I206-415,HB HAMILTON-K,ASPENHOME,FURN,BED,FVI,547.78
I227-450,"NIGHTSTAND, 2-DWR MILLCREEK",ASPENHOME,FURN,BED,FVI,227.29
I227-451N,1-DRAWER NIGHTSTAND MILLCREEK,ASPENHOME,FURN,BED,FVI,150.80
I227-471,"RAILS, DECKING MILLCREEK-Q",ASPENHOME,FURN,BED,FVI,158.55
I227-472,FB MILLCREEK-Q,ASPENHOME,FURN,BED,FVI,79.34
I227-472D,FB W/STORAGE MILLCREE KING-Q,ASPENHOME,FURN,BED,FVI,227.29
I227-473,HB MILLCREEK-Q,ASPENHOME,FURN,BED,FVI,207.34
I227-474,HB MILLCREEK-K,ASPENHOME,FURN,BED,FVI,279.06
I227-475,"RAILS, DECKING MILLCREEK-EK",ASPENHOME,FURN,BED,FVI,197.37
I227-476,FB MILLCREEK-K,ASPENHOME,FURN,BED,FVI,125.02
I227-476D,FB W/STORAGE MILLCREE KING-K,ASPENHOME,FURN,BED,FVI,278.41
I256-402,RAILS ZANE-Q,ASPENHOME,FURN,BED,FVI,108.06
I256-403,FB ZANE-Q,ASPENHOME,FURN,BED,FVI,82.44
I256-406,RAILS ZANE-EK,ASPENHOME,FURN,BED,FVI,141.56
I256-407,FB ZANE-K,ASPENHOME,FURN,BED,FVI,124.56
I256-412,HB ZANE-Q,ASPENHOME,FURN,BED,FVI,214.64
I256-415,HB ZANE-K,ASPENHOME,FURN,BED,FVI,301.46
I256-450,2-DRAWER NIGHTSTAND ZANE,ASPENHOME,FURN,BED,FVI,239.93
I256-451,1-DRAWER NIGHTSTAND ZANE,ASPENHOME,FURN,BED,FVI,197.75
I256-454,DRESSER ZANE -PARCHMENT,ASPENHOME,FURN,BED,FVI,508.53
I256-469,CHIFFAROBE ZANE -PARCHMENT,ASPENHOME,FURN,BED,FVI,687.77
I262-407,FB PAXTON-K,ASPENHOME,FURN,BED,FVI,297.95
I262-410,"RAILS, DECKING PAXTON-CK",ASPENHOME,FURN,BED,FVI,286.91
I262-415,HB PAXTON-K,ASPENHOME,FURN,BED,FVI,616.86
I262-451,2-DRAWER NIGHTSTAND PAXTON,ASPENHOME,FURN,BED,FVI,506.51
I262-453,DRESSER PAXTON,ASPENHOME,FURN,BED,FVI,858.52
I262-462,MIRROR PAXTON,ASPENHOME,FURN,BED,FVI,262.63
IML-402-GRY,RAILS MODERN LOFT GRAY-Q,ASPENHOME,FURN,BED,FVI,72.39
IML-403-GRY,FB MODERN LOFT GRAY-Q,ASPENHOME,FURN,BED,FVI,83.23
IML-406-GRY,RAILS MODERN LOFT GRAY-EK,ASPENHOME,FURN,BED,FVI,119.00
IML-407-GRY,FB MODERN LOFT GRAY-K,ASPENHOME,FURN,BED,FVI,134.67
IML-407D-GRY,FB W/STORAGE MOD. LOFT-K,ASPENHOME,FURN,BED,FVI,318.00
IML-410-GRY,RAILS MODERN LOFT GRAY-CK,ASPENHOME,FURN,BED,FVI,112.82
IML-412-GRY,HB MODERN LOFT GRAY-Q,ASPENHOME,FURN,BED,FVI,177.40
IML-415-GRY,HB MODERN LOFT GRAY-K,ASPENHOME,FURN,BED,FVI,269.00
IML-450-BRN,2-DRAWER NS MODERN LOFT- BROWN,ASPENHOME,FURN,BED,FVI,211.38
IML-450-GRY,2-DRAWER NS MODERN LOFT -GRAY,ASPENHOME,FURN,BED,FVI,219.00
IML-453-BRN,DRESSER MODERN LOFT-BROWNSTONE,ASPENHOME,FURN,BED,FVI,481.13
IML-453-GRY,DRESSER MODERN LOFT -GRAY,ASPENHOME,FURN,BED,FVI,482.15
IML-457-GRY,DOOR CHEST MODERN LOFT -GRAY,ASPENHOME,FURN,BED,FVI,662.93
IML-474-BRN,HB MODERN LOFT PLATFORM BRWN-K,ASPENHOME,FURN,BED,FVI,472.82
IML-476-BRN,FB MODERN LOFT PLATFRM BROWN-K,ASPENHOME,FURN,BED,FVI,128.82
IML-477-BRN,RAILS MODERN LOFT BROWN-CK,ASPENHOME,FURN,BED,FVI,198.77
MILLCREEK-STORAGE-EK,E KING MILLCREE KINGSTORAGE BED,ASPENHOME,FURN,BED,FVI,0.00
MILLCREEK-STORAGE-Q,QUEEN MILLCREE KINGSTORAGE BED,ASPENHOME,FURN,BED,FVI,0.00
MODERNLOFT-PANEL-Q,QUEEN MODERN LOFT PANEL -GRAY,ASPENHOME,FURN,BED,FVI,0.00
ZANE-PANEL-EK,E KING ZANE PANEL BED,ASPENHOME,FURN,BED,FVI,0.00
ZANE-PANEL-Q,QUEEN ZANE PANEL BED,ASPENHOME,FURN,BED,FVI,0.00
BT2000LP-CK,CAKING ADJUST BT2000,BEDTECH,ADJUST,CKADJ,BTECH,506.00
BT2000LP-FL,FULL ADJUST BT2000,BEDTECH,ADJUST,FUADJ,BTECH,366.00
BT2000LP-KG,E KING 1-PC ADJUST BT2000,BEDTECH,ADJUST,EKADJ,BTECH,506.00
BT2000LP-QN,QUEEN ADJUST BT2000,BEDTECH,ADJUST,QUADJ,BTECH,366.00
BT2000LP-TXL,TWINXL ADJUST BT2000,BEDTECH,ADJUST,TXLADJ,BTECH,300.00
BT3000LP-KG,E KING 1-PC ADJUST BT3000,BEDTECH,ADJUST,EKADJ,BTECH,617.00
BT3000LP-QN,QUEEN ADJUST BT3000,BEDTECH,ADJUST,QUADJ,BTECH,475.00
BT6500-KG,E KING 1-PC ADJUST BT6500,BEDTECH,ADJUST,EKADJ,BTECH,776.00
BT6500-QN,QUEEN ADJUST BT6500,BEDTECH,ADJUST,QUADJ,BTECH,600.00
BT6500-TXL,TWINXL ADJUST BT6500,BEDTECH,ADJUST,TXLADJ,BTECH,559.00
BT9000-QN,QUEEN ADJUST BT9000,BEDTECH,ADJUST,QUADJ,BTECH,1080.00
XPLAT-FL,FULL X-PLAT BED FRAME,BEDTECH,BED,BEDFRA,BTECH,140.40
XPLAT-QN,QUEEN X-PLAT BED FRAME,BEDTECH,BED,BEDFRA,BTECH,145.80
XPLAT-TW,TWIN X-PLAT BED FRAME,BEDTECH,BED,BEDFRA,BTECH,118.80
6650-5/0,QUEEN MILLBROOK DUVET,BIA,TOPBED,TOPPER,BIA,500.00
8245-3/3,"TWIN BB UNIVERSAL BLACK FND 2""",BIA,FOUND,TWFND,BIA,70.00
8245-36X84,"SPLIT CK BB UNIVER BLK  FND 2""",BIA,FOUND,SCKFND,BIA,80.00
8245-3X,"TWINXL BB UNIVERSAL BLK FND 2""",BIA,FOUND,TXLFND,BIA,80.00
8245-4/6,"FULL BB UNIVERSAL BLACK FND 2""",BIA,FOUND,FUFND,BIA,90.00
8245-4XL,"F-XL BB UNIVERSAL BLACK FND 2""",BIA,FOUND,FXLFND,BIA,100.00
8245-5/0,"QUEEN BB UNIVERSAL BLK FND 2""",BIA,FOUND,QUFND,BIA,100.00
8245-QSB,"SPLIT QN  BB UNVRSL BLK FND 2""",BIA,FOUND,QUFND,BIA,80.00
8246-3/3,"TWIN LP UNIVERSAL BLACK FND 5""",BIA,FOUND,TWFND,BIA,70.00
8246-30X80,"SPLIT QU LP FND 5"" - 30x80",BIA,FOUND,QUFND,BIA,60.00
8246-36X84,"SPLIT CK LP UNIVERS BLK FND 5""",BIA,FOUND,SCKFND,BIA,80.00
8246-3X,"TWINXL LP UNIVERSAL BLK FND 5""",BIA,FOUND,TXLFND,BIA,80.00
8246-4/6,"FULL LP UNIVERSAL BLACK FND 5""",BIA,FOUND,FUFND,BIA,90.00
8246-5/0,"QUEEN LP UNIVERSAL BLK FND 5""",BIA,FOUND,QUFND,BIA,100.00
8546-27X75,"FULL-SPLIT UNVRSL BLK FND 9""",BIA,FOUND,FUFND,BIA,80.00
8546-3/3,"TWIN UNIVERSAL BLACK FND 9""",BIA,FOUND,TWFND,BIA,70.00
8546-36X84,"SPLIT CK UNIVERSAL BLK  FND 9""",BIA,FOUND,SCKFND,BIA,80.00
8546-3X,"TWINXL UNIVERSAL BLK FND 9""",BIA,FOUND,TXLFND,BIA,80.00
8546-4/6,"FULL UNIVERSAL BLACK FND 9""",BIA,FOUND,FUFND,BIA,90.00
8546-4XL,"FULLXL UNIVERSAL BLACK FND 9""",BIA,FOUND,FXLFND,BIA,100.00
8546-5/0,"QUEEN UNIVERSAL BLACK FND 9""",BIA,FOUND,QUFND,BIA,100.00
8546-SPCK,"SPLIT CK UNIVERSAL BLK  FND 9""",BIA,FOUND,SCKFND,BIA,80.00
8678-5/0,"QUEEN LP INSPIRED HD FND 5""",BIA,FOUND,QUFND,BIA,149.00
B38678-5/0,"QUEEN LP WHITE FND 5""",BIA,FOUND,QUFND,BIA,100.00
BBAUR13F36X84,SPLIT CK AURORA LUXE COOL FIRM,BROOKLYN,MATT,SPLCAK,SOUTH,395.00
BBAUR13F_FP-3980,TWINXL AURORA LUXE COOL  FIRM,BROOKLYN,MATT,TWINXL,SOUTH,385.00
BBAUR13F_FP-5475,FULL AURORA LUXE COOLING FIRM,BROOKLYN,MATT,FULL,SOUTH,455.00
BBAUR13F_FP-6080,QUEEN AURORA LUXE COOLING FIRM,BROOKLYN,MATT,QUEEN,SOUTH,500.00
BBAUR13F_FP-7680,E KING AURORA LUXE COOL FIRM,BROOKLYN,MATT,KING,SOUTH,640.00
BBAUR13M_FP-5475,FULL AURORA LUXE COOLING MED,BROOKLYN,MATT,FULL,SOUTH,455.00
BBAUR13M_FP-6080,QUEEN AURORA LUXE COOLING MED,BROOKLYN,MATT,QUEEN,SOUTH,500.00
BBAUR13M_FP-7680,E KING AURORA LUXE COOL MEDIUM,BROOKLYN,MATT,KING,SOUTH,640.00
BBAUR14M_FP-7680,E KINGAURORA LUXE CLOUD PT MEDIUM,BROOKLYN,MATT,KING,SOUTH,705.00
BBS13F_FP-3975,TWIN SIGNATURE HYBRID FIRM,BROOKLYN,MATT,TWIN,SOUTH,280.00
BBS13F_FP-5475,FULL SIGNATURE HYBRID FIRM,BROOKLYN,MATT,FULL,SOUTH,360.00
BBS13F_FP-6080,QUEEN SIGNATURE HYBRID FIRM,BROOKLYN,MATT,QUEEN,SOUTH,385.00
BBS13F_FP-7680,E KING SIGNATURE HYBRID FIRM,BROOKLYN,MATT,KING,SOUTH,500.00
BBS13M_FP-5475,FULL SIGNATURE HYBRID MEDIUM,BROOKLYN,MATT,FULL,SOUTH,360.00
BBS13M_FP-6080,QUEEN SIGNATURE HYBRID MEDIUM,BROOKLYN,MATT,QUEEN,SOUTH,385.00
BBS13M_FP-7680,E KING SIGNATURE HYBRID MEDIUM,BROOKLYN,MATT,KING,SOUTH,500.00
RECYCLINGFEE,RECYCLING FEE,CAMRC,RF,RF,CAMRC,6.50
B-MTFND9-3684,"SPLIT CK WHITE FND 9""`",CANN,FOUND,SCKFND,CANN,66.00
PBN-AHBFND4-3684,"SPLIT CK LP AHB JAUNE 4"" FND",CANN,FOUND,SCKFND,CANN,155.00
SAM-18002-ET-CK,CAKING FRANKLIN MATTRESS,CANN,MATT,CAKING,CANN,1300.00
SAM-18002-ET-K,E KING FRANKLIN MATTRESS,CANN,MATT,KING,CANN,1684.00
SAM-18002-ET-Q,QUEEN FRANKLIN MATTRESS,CANN,MATT,QUEEN,CANN,1070.00
SB-PER20-04-33XL,TWINXL HONOR BOX 4,CANN,FOUND,TXLFND,CANN,57.00
SB-PER20-04-66,TWINXL HONOR BOX 9,CANN,FOUND,TXLFND,CANN,114.00
SB-PER20-09-33XL,TWINXL HONOR BOX 9,CANN,FOUND,TXLFND,CANN,57.00
SB-PER24-33XL,TWINXL TOWER 9,CANN,FOUND,TXLFND,CANN,57.00
SB-SAR27-09-3300,"TWIN SPRING AIR FND 9""",CANN,FOUND,TWFND,CANN,40.00
SB-SAR2709-3300,"TWIN SPRING AIR BROWN BOX 9""",CANN,FOUND,TWFND,CANN,49.00
SM-CAMBRFM-50,QUEEN CAMBRIA FIRM,CANN,MATT,QUEEN,CANN,284.00
SM-CAMBRFM-66,E KING CAMBRIA FIRM,CANN,MATT,KING,CANN,382.00
SM-CAMBRFM-67,CAKING CAMBRIA FIRM,CANN,MATT,CAKING,CANN,382.00
SM-CAMBRFPT-50,QUEEN CAMBRIA P/T,CANN,MATT,QUEEN,CANN,284.00
SM-CAMBRFPT-66,E KING CAMBRIA P/T,CANN,MATT,KING,CANN,382.00
SM-CHRISTET-5000,QUEEN CHRISTIAN EUROTOP,CANN,MATT,QUEEN,CANN,314.58
SM-CHRISTET-6600,E KING CHRISTIAN EUROTOP,CANN,MATT,KING,CANN,428.00
SM-CHRISTFM-4600,FULL CHRISTIAN FIRM,CANN,MATT,FULL,CANN,250.00
SM-CHRISTFM-5000,QUEEN CHRISTIAN FIRM,CANN,MATT,QUEEN,CANN,284.00
SM-CHRISTFM-6600,E KING CHRISTIAN FIRM,CANN,MATT,KING,CANN,390.00
SM-CHRISTPL-5000,QUEEN CHRISTIAN PLUSH,CANN,MATT,QUEEN,CANN,284.00
SM-CHRISTPL-6600,E KING CHRISTIAN PLUSH,CANN,MATT,KING,CANN,390.00
SM-CHRISTPL-6700,CAKING CHRISTIAN PLUSH,CANN,MATT,CAKING,CANN,390.00
SM-CHRISTXF-5000,QUEEN CHRISTIAN XFIRM,CANN,MATT,QUEEN,CANN,260.00
SM-CHRISTXF-6600,E KING CHRISTIAN XFIRM,CANN,MATT,KING,CANN,370.00
SM-CHRISTXF-6700,CAKING CHRISTIAN XFIRM,CANN,MATT,CAKING,CANN,370.00
SM-CLINTONFM-33XL,TWINXL CLINTON FIRM,CANN,MATT,TWINXL,CANN,129.15
SM-DONNAET-4600,FULL DONNA EUROTOP,CANN,MATT,FULL,CANN,481.50
SM-DONNAET-5000,QUEEN DONNA EUROTOP,CANN,MATT,QUEEN,CANN,517.88
SM-DONNAET-6600,E KING DONNA EUROTOP,CANN,MATT,KING,CANN,678.38
SM-DONNAFM-5000,QUEEN DONNA FIRM,CANN,MATT,QUEEN,CANN,517.88
SM-DONNAFM-6600,E KING DONNA FIRM,CANN,MATT,KING,CANN,678.38
SM-DONNAPL-5000,QUEEN DONNA PLUSH,CANN,MATT,QUEEN,CANN,484.00
SM-DONNAPL-6600,E KING DONNA PLUSH,CANN,MATT,KING,CANN,634.00
SM-HERMOSAET-46,FULL HERMOSA P/T,CANN,MATT,FULL,CANN,384.00
SM-HERMOSAET-50,QUEEN HERMOSA P/T,CANN,MATT,QUEEN,CANN,434.00
SM-HERMOSAET-66,E KING HERMOSA P/T,CANN,MATT,KING,CANN,572.00
SM-HERMOSAET-67,CAKING HERMOSA P/T,CANN,MATT,CAKING,CANN,572.00
SM-PISMOFM-33,TWIN PISMO FIRM,CANN,MATT,TWIN,CANN,237.00
SM-PISMOFM-46,FULL PISMO FIRM,CANN,MATT,FULL,CANN,304.00
SM-PISMOFM-50,QUEEN PISMO FIRM,CANN,MATT,QUEEN,CANN,334.00
SM-PISMOFM-66,E KING PISMO FIRM,CANN,MATT,KING,CANN,452.00
SM-PISMOFM-67,CAKING PISMO FIRM,CANN,MATT,CAKING,CANN,452.00
SM-PISMOVPT-46,FULL PISMO P/T,CANN,MATT,FULL,CANN,304.00
SM-PISMOVPT-50,QUEEN PISMO P/T,CANN,MATT,QUEEN,CANN,334.00
SM-PISMOVPT-66,E KING PISMO P/T,CANN,MATT,KING,CANN,452.00
SM-PISMOVPT-67,CAKING PISMO P/T,CANN,MATT,CAKING,CANN,452.00
SM-SAOSUNLUX-5000,QUEEN SUNRISE LUX,CANN,MATT,QUEEN,CANN,1064.00
SM-SAOSUNLUX-6600,E KING SUNRISE LUX,CANN,MATT,KING,CANN,1344.00
SM-SPIRITET46XL,FULLXL SPIRIT EUROTOP,CANN,MATT,FULLXL,CANN,616.02
SM-SPIRITFM66,E KING SPIRIT FIRM,CANN,MATT,KING,CANN,579.11
SM-YVESFM-5000,QUEEN YVES FIRM,CANN,MATT,QUEEN,CANN,334.00
SM-YVESFM-6600,E KING YVES FIRM,CANN,MATT,KING,CANN,440.00
SM-YVESPL-5000,QUEEN YVES PLUSH,CANN,MATT,QUEEN,CANN,334.00
SM-YVESPL-6600,E KING YVES PLUSH,CANN,MATT,KING,CANN,440.00
SMROYPALPT46,FULL ROYAL PALM PT,CANN,FURN,BED,CANN,164.00
SYDNEYLEAHK,E KING SYDNEY LEAH JAUNE,CANN,MATT,KING,CANN,880.00
C&W-BP,CHATTAM&WELLS BODY PILLOW,CHATTAM,PILLOW,PILLOW,CANN,0.00
C&W-FP,CHATTAM&WELLS FOOT PROTECTOR,CHATTAM,PILLOW,PILLOW,CANN,0.00
CW-2100XF-6600,"E KING CASERTA EXTRA FIRM 13""",CHATTAM,MATT,KING,CANN,1105.00
CW-2101FM-3300,TWIN LISMORE ROYAL KNIT FM,CHATTAM,MATT,TWIN,CANN,662.00
CW-2101FM-33XL,TWINXL LISMORE ROYAL KNIT FM,CHATTAM,MATT,TWINXL,CANN,718.00
CW-2101FM-4600,FULL LISMORE ROYAL KNIT FM,CHATTAM,MATT,FULL,CANN,884.00
CW-2101FM-5000,QUEEN LISMORE ROYAL KNIT FM,CHATTAM,MATT,QUEEN,CANN,994.00
CW-2101FM-6600,E KING LISMORE ROYAL KNIT FM,CHATTAM,MATT,KING,CANN,1243.00
CW-2101FM-6700,CAKING LISMORE ROYAL KNIT FM,CHATTAM,MATT,CAKING,CANN,1243.00
CW-2102PL-5000,QUEEN MIRAMARE ROYAL KNIT LUX,CHATTAM,MATT,QUEEN,CANN,1104.00
CW-2102PL-6600,E KING MIRAMARE ROYAL KNIT LUX,CHATTAM,MATT,KING,CANN,1380.00
CW-2103PL-33XL,TWINXL CHANTILLY  ROYAL KNT PS,CHATTAM,MATT,TWINXL,CANN,938.00
CW-2103PL-5000,QUEEN CHANTILLY ROYAL KNIT PS,CHATTAM,MATT,QUEEN,CANN,1324.00
CW-2103PL-6600,E KING CHANTILLY ROYAL KNIT PS,CHATTAM,MATT,KING,CANN,1655.00
CW-2104ET-3300,TWIN ASHFORD DAMASK ET,CHATTAM,MATT,TWIN,CANN,992.00
CW-2104ET-33XL,TWINXL ASHFORD DAMASK ET,CHATTAM,MATT,TWINXL,CANN,1048.00
CW-2104ET-4600,FULL ASHFORD DAMASK ET,CHATTAM,MATT,FULL,CANN,1564.00
CW-2104ET-5000,QUEEN ASHFORD DAMASK ET,CHATTAM,MATT,QUEEN,CANN,1489.00
CW-2104ET-6600,E KING ASHFORD DAMASK ET,CHATTAM,MATT,KING,CANN,1765.00
CW-2104ET-6700,CAKING ASHFORD DAMASK ET,CHATTAM,MATT,CAKING,CANN,1765.00
CW-2105ET-5000,QUEEN KENSINGTON DAMASK ET,CHATTAM,MATT,QUEEN,CANN,1984.00
CW-2105ET-6600,E KING KENSINGTON DAMASK ET,CHATTAM,MATT,KING,CANN,2480.00
CW-2105ET-6700,CAKING KENSINGTON DAMASK ET,CHATTAM,MATT,CAKING,CANN,2480.00
CW-2105LTDET-6600,E KING KENSINGTON LIMITED ET,CHATTAM,MATT,KING,CANN,2480.00
CW-2106ET-3684,SPLIT CK WINDSOR ROYAL DAMASK,CHATTAM,MATT,SPLCAK,CANN,1708.00
CW-2106ET-5000,QUEEN WINDSOR ROYAL DAMASK ET,CHATTAM,MATT,QUEEN,CANN,2479.00
CW-2106ET-6600,E KING WINDSOR ROYAL DAMASK ET,CHATTAM,MATT,KING,CANN,2865.00
CW-2106ET-6700,CAKING WINDSOR ROYAL DAMASK ET,CHATTAM,MATT,CAKING,CANN,2865.00
CW-2107ET-6600,E KING BUCKINGHAM DAMASK ET,CHATTAM,MATT,KING,CANN,3085.00
CW-2107ET-6700,CAKING BUCKINGHAM DAMASK ET,CHATTAM,MATT,CAKING,CANN,3085.00
CW-2201FM-3684,SPLIT CK LISMORE ROYAL KNIT FM,CHATTAM,MATT,SPLCAK,CANN,718.00
CWB-FND01-04-3300,"TWIN LP HD CHATTAM FND 4""",CHATTAM,FOUND,TWFND,CANN,165.00
CWB-FND01-04-33XL,"TWINXL LP HD CHATTAM FND 4""",CHATTAM,FOUND,TXLFND,CANN,185.00
CWB-FND01-04-3684,"SPLIT CK LP HD CHATTAM FND 4""",CHATTAM,FOUND,SCKFND,CANN,185.00
CWB-FND01-04-4600,"FULL LP HD CHATTAM FND 4""",CHATTAM,FOUND,FUFND,CANN,200.00
CWB-FND01-04-5000,"QUEEN LP HD CHATTAM FND 4""",CHATTAM,FOUND,QUFND,CANN,240.00
CWB-FND01-09-3300,"TWIN HD CHATTAM FND 9""",CHATTAM,FOUND,TWFND,CANN,165.00
CWB-FND01-09-33XL,"TWINXL HD CHATTAM FND 9""",CHATTAM,FOUND,TXLFND,CANN,185.00
CWB-FND01-09-3684,"SPLIT CK HD CHATTAM FND 9""",CHATTAM,FOUND,SCKFND,CANN,185.00
CWB-FND01-09-4600,"FULL HD CHATTAM FND 9""",CHATTAM,FOUND,FUFND,CANN,200.00
CWB-FND01-09-5000,"QUEEN HD CHATTAM FND 9""",CHATTAM,FOUND,QUFND,CANN,240.00
CWB-SPRPLT-33XL,"TWINXL BB HD CHATTAM FND 2""",CHATTAM,FOUND,TXLFND,CANN,185.00
CWB-SPRPLT-4600,"FULL BB HD CHATTAM FND 2""",CHATTAM,FOUND,FUFND,CANN,200.00
POPCWFP01-5000,QUEEN CHATTAM POP,CHATTAM,PROT,QUPRO,CANN,0.00
SAM-18013-FM-Q,QUEEN ADELAIDE FIRM MATTRESS,CHATTAM,MATT,QUEEN,CANN,836.00
SAM-18015-LF-EK,E KING CARLTON LUXURY FIRM,CHATTAM,MATT,KING,CANN,984.90
SAM-18016-VP-Q,QUEEN WESTON PILLOWTOP,CHATTAM,MATT,QUEEN,CANN,904.05
SAM-18017-ET-33XL,TWINXL GENEVA EUROTOP,CHATTAM,MATT,TWINXL,CANN,973.00
SAM-18017-ET-Q,QUEEN GENEVA EUROTOP,CHATTAM,MATT,QUEEN,CANN,1106.70
SAM-18018-ET-EK,E KING KINGSTON EUROTOP,CHATTAM,MATT,KING,CANN,1754.55
BIBCHEERFF,FULL BIB CHEER FIRM,DIAMO,MATT,FULL,DIAMO,483.00
BIBCHEERFK,E KING BIB CHEER FIRM,DIAMO,MATT,KING,DIAMO,792.00
BIBCHEERFQ,QUEEN BIB CHEER FIRM,DIAMO,MATT,QUEEN,DIAMO,523.00
BIBCHEERMDF,FULL BIB CHEER MEDIUM,DIAMO,MATT,FULL,DIAMO,483.00
BIBCHEERMK,E KING BIB CHEER MEDIUM,DIAMO,MATT,KING,DIAMO,792.00
BIBCHEERMQ,QUEEN BIB CHEER MEDIUM,DIAMO,MATT,QUEEN,DIAMO,523.00
BIBCHEERMT,TWIN BIB CHEER MEDIUM,DIAMO,MATT,TWIN,DIAMO,378.00
BIBCHEERPCK,CAKING BIB CHEER PLUSH,DIAMO,MATT,CAKING,DIAMO,667.00
BIBCHEERPF,FULL BIB CHEER PLUSH,DIAMO,MATT,FULL,DIAMO,483.00
BIBCHEERPFXL,FULLXL BIB CHEER PLUSH,DIAMO,MATT,FULLXL,DIAMO,523.00
BIBCHEERPK,E KING BIB CHEER PLUSH,DIAMO,MATT,KING,DIAMO,792.00
BIBCHEERPQ,QUEEN BIB CHEER PLUSH,DIAMO,MATT,QUEEN,DIAMO,523.00
BIBCHEERPT,TWIN BIB CHEER PLUSH,DIAMO,MATT,TWIN,DIAMO,378.00
BIBCHEERPTXL,TWINXL BIB CHEER PLUSH,DIAMO,MATT,TWINXL,DIAMO,413.00
D-BP-Q,DIAMOND DISPLAY BODY PILLOW,DIAMO,PILLOW,PILLOW,DIAMO,0.00
DIAMONDBLK2CK,"SPLIT CK BB GENEVA BLK FND 2""",DIAMO,FOUND,SCKFND,DIAMO,68.00
DIAMONDBLK2F,"FULL BB GENEVA BLACK FND 2""",DIAMO,FOUND,FUFND,DIAMO,76.00
DIAMONDBLK2Q,"QUEEN BB GENEVA BLACK FND 2""",DIAMO,FOUND,QUFND,DIAMO,88.00
DIAMONDBLK2T,"TWIN BB GENEVA BLACK FND 2""",DIAMO,FOUND,TWFND,DIAMO,64.00
DIAMONDBLK2TXL,"TWINXL BB GENEVA BLACK FND 2""",DIAMO,FOUND,TXLFND,DIAMO,70.00
DIAMONDBLK4CK,"SPLIT CK LP GENEVA BLK FND 4""",DIAMO,FOUND,SCKFND,DIAMO,68.00
DIAMONDBLK4F,"FULL LP GENEVA BLACK FND 4""",DIAMO,FOUND,FUFND,DIAMO,76.00
DIAMONDBLK4FXL,"FULLXL LP BLACK DIAMO FND 4""",DIAMO,FOUND,FXLFND,DIAMO,98.00
DIAMONDBLK4Q,"QUEEN LP GENEVA BLACK FND 4""",DIAMO,FOUND,QUFND,DIAMO,88.00
DIAMONDBLK4T,"TWIN LP GENEVA BLACK FND 4""",DIAMO,FOUND,TWFND,DIAMO,64.00
DIAMONDBLK4TXL,"TWINXL LP GENEVA BLACK FND 4""",DIAMO,FOUND,TXLFND,DIAMO,70.00
DIAMONDBLKCK,"SPLIT CK GENEVA BLACK FND 8""",DIAMO,FOUND,SCKFND,DIAMO,68.00
DIAMONDBLKF,"FULL GENEVA BLACK FND 8""",DIAMO,FOUND,FUFND,DIAMO,70.00
DIAMONDBLKFXL,"FULLXL BLACK  DIAMOND FND 8""",DIAMO,FOUND,FXLFND,DIAMO,98.00
DIAMONDBLKQ,"QUEEN GENEVA BLACK FND 8""",DIAMO,FOUND,QUFND,DIAMO,88.00
DIAMONDBLKT,"TWIN GENEVA BLACK FND 8""",DIAMO,FOUND,TWFND,DIAMO,64.00
DIAMONDBLKTXL,"TWINXL GENEVA BLACK FND 8""",DIAMO,FOUND,TXLFND,DIAMO,70.00
DMA10M-1040,"FULLXL ALIGN 10"" GEL MEMORY",DIAMO,MATT,FULLXL,DIAMO,412.00
DMA10M-1110,"TWIN ALIGN 10"" GEL MEMORY",DIAMO,MATT,TWIN,DIAMO,313.00
DMA10M-1120,"TWINXL ALIGN 10"" GEL MEMORY",DIAMO,MATT,TWINXL,DIAMO,349.00
DMA10M-1130,"FULL ALIGN 10"" GEL MEMORY",DIAMO,MATT,FULL,DIAMO,391.00
DMA10M-1150,"QUEEN ALIGN 10"" GEL MEMORY",DIAMO,MATT,QUEEN,DIAMO,411.00
DMAL8M-1040,"FULLXL ALIGN 8"" GEL MEMORY",DIAMO,MATT,FULLXL,DIAMO,320.00
DMAL8M-1110,"TWIN ALIGN 8"" GEL MEMORY",DIAMO,MATT,TWIN,DIAMO,255.00
DMAL8M-1120,"TWINXL ALIGN 8"" GEL MEMORY",DIAMO,MATT,TWINXL,DIAMO,294.00
DMAL8M-1130,"FULL ALIGN 8"" GEL MEMORY",DIAMO,MATT,FULL,DIAMO,320.00
DMAL8M-1150,"QUEEN ALIGN 8"" GEL MEMORY",DIAMO,MATT,QUEEN,DIAMO,339.00
DMAL8M-1170,"CAKING ALIGN 8"" GEL MEMORY",DIAMO,MATT,CAKING,DIAMO,458.00
DMAL8M-1180,"E KING ALIGN 8"" GEL MEMORY",DIAMO,MATT,KING,DIAMO,458.00
DMALQF-1050,QUEEN ARISE QUILTED FIRM,DIAMO,MATT,QUEEN,DIAMO,435.00
DMALQF-1070,CAKING ARISE QUILTED FIRM,DIAMO,MATT,CAKING,DIAMO,585.00
DMALQF-1080,E KING ARISE QUILTED FIRM,DIAMO,MATT,KING,DIAMO,585.00
DMCLHF-1010,TWIN CLARITY HYBRID FIRM,DIAMO,MATT,TWIN,DIAMO,375.00
DMCLHF-1020,TWINXL CLARITY HYBRID FIRM,DIAMO,MATT,TWINXL,DIAMO,395.00
DMCLHF-1030,FULL CLARITY HYBRID FIRM,DIAMO,MATT,FULL,DIAMO,460.00
DMCLHF-1040,FULLXL CLARITY HYBRID FIRM,DIAMO,MATT,FULLXL,DIAMO,490.00
DMCLHF-1050,QUEEN CLARITY HYBRID FIRM,DIAMO,MATT,QUEEN,DIAMO,490.00
DMCLHF-1070,CAKING CLARITY HYBRID FIRM,DIAMO,MATT,CAKING,DIAMO,630.00
DMCLHF-1080,E KING CLARITY HYBRID FIRM,DIAMO,MATT,KING,DIAMO,630.00
DMCLHM-1010,TWIN CLARITY HYBRID MEDIUM,DIAMO,MATT,TWIN,DIAMO,375.00
DMCLHM-1020,TWINXL CLARITY HYBRID MEDIUM,DIAMO,MATT,TWINXL,DIAMO,395.00
DMCLHM-1030,FULL CLARITY HYBRID MEDIUM,DIAMO,MATT,FULL,DIAMO,460.00
DMCLHM-1050,QUEEN CLARITY HYBRID MEDIUM,DIAMO,MATT,QUEEN,DIAMO,490.00
DMCLHM-1070,CAKING CLARITY HYBRID MEDIUM,DIAMO,MATT,CAKING,DIAMO,630.00
DMCLHM-1080,E KING CLARITY HYBRID MEDIUM,DIAMO,MATT,KING,DIAMO,630.00
DMCLHP-1020,TWINXL CLARITY HYBRID PLUSH,DIAMO,MATT,TWINXL,DIAMO,395.00
DMCLHP-1070,CAKING CLARITY HYBRID PLUSH,DIAMO,MATT,CAKING,DIAMO,630.00
DMCLHP-1080,E KING CLARITY HYBRID PLUSH,DIAMO,MATT,KING,DIAMO,630.00
DMFLFM-1150,"QUEEN FLURRY HYBRID FIRM 14""",DIAMO,MATT,QUEEN,DIAMO,560.00
DMGLFF-1010,TWIN GLORY ALL-FOAM FIRM,DIAMO,MATT,TWIN,DIAMO,275.00
DMGLFF-1030,FULL GLORY ALL-FOAM FIRM,DIAMO,MATT,FULL,DIAMO,335.00
DMGLFF-1050,QUEEN GLORY ALL-FOAM FIRM,DIAMO,MATT,QUEEN,DIAMO,360.00
DMGLFF-1071,SPLIT CK GLORY ALL-FOAM FIRM,DIAMO,MATT,SPLCAK,DIAMO,295.00
DMGLFF-1080,E KING GLORY ALL-FOAM FIRM,DIAMO,MATT,KING,DIAMO,465.00
DMGLFM-1010,TWIN GLORY ALL-FOAM MEDIUM,DIAMO,MATT,TWIN,DIAMO,275.00
DMGLFM-1030,FULL GLORY ALL-FOAM MEDIUM,DIAMO,MATT,FULL,DIAMO,335.00
DMGLFM-1050,QUEEN GLORY ALL-FOAM MEDIUM,DIAMO,MATT,QUEEN,DIAMO,360.00
DMGLFM-1080,E KING GLORY ALL-FOAM MEDIUM,DIAMO,MATT,KING,DIAMO,465.00
DMGLFP-1040,FULLXL GLORY ALL-FOAM PLUSH,DIAMO,MATT,FULLXL,DIAMO,360.00
DMGLFP-1080,E KING GLORY ALL-FOAM PLUSH,DIAMO,MATT,KING,DIAMO,465.00
DMGRQF-1010,TWIN GRACE QUILTED FIRM,DIAMO,MATT,TWIN,DIAMO,240.00
DMGRQF-1050,QUEEN GRACE QUILTED FIRM,DIAMO,MATT,QUEEN,DIAMO,320.00
DMGRQM-1030,FULL GRACE QUILTED MEDIUM,DIAMO,MATT,FULL,DIAMO,300.00
DMGRQM-1050,QUEEN GRACE QUILTED MEDIUM,DIAMO,MATT,QUEEN,DIAMO,320.00
DMGRQM-1070,CAKING GRACE QUILTED MEDIUM,DIAMO,MATT,CAKING,DIAMO,420.00
DMGRQM-1080,E KING GRACE QUILTED MEDIUM,DIAMO,MATT,KING,DIAMO,420.00
DMINHY-1110,TWIN INDEPENDENCE MEDIUM,DIAMO,MATT,TWIN,DIAMO,210.00
DMINHY-1120,TWINXL INDEPENDENCE MEDIUM,DIAMO,MATT,TWINXL,DIAMO,220.00
DMINHY-1130,FULL INDEPENDENCE MEDIUM,DIAMO,MATT,FULL,DIAMO,250.00
DMINHY-1140,FULLXL INDEPENDENCE MEDIUM,DIAMO,MATT,FULLXL,DIAMO,285.00
DMINHY-1150,QUEEN INDEPENDENCE MEDIUM,DIAMO,MATT,QUEEN,DIAMO,285.00
DMINHY-1170,CAKING INDEPENDENCE MEDIUM,DIAMO,MATT,CAKING,DIAMO,405.00
DMINHY-1180,E KING INDEPENDENCE MEDIUM,DIAMO,MATT,KING,DIAMO,405.00
DMMBET-1010,TWIN MARBLE ET EXTRA-FIRM,DIAMO,MATT,TWIN,DIAMO,314.00
DMMBET-1020,TWINXL MARBLE ET EXTRA-FIRM,DIAMO,MATT,TWINXL,DIAMO,341.00
DMMBET-1030,FULL MARBLE ET EXTRA-FIRM,DIAMO,MATT,FULL,DIAMO,411.00
DMMBET-1040,FULLXL MARBLE ET EXTRA-FIRM,DIAMO,MATT,FULLXL,DIAMO,446.00
DMMBET-1050,QUEEN MARBLE ET EXTRA-FIRM,DIAMO,MATT,QUEEN,DIAMO,446.00
DMMBET-1070,CAKING MARBLE ET EXTRA-FIRM,DIAMO,MATT,CAKING,DIAMO,604.00
DMMBET-1080,E KING MARBLE ET EXTRA-FIRM,DIAMO,MATT,KING,DIAMO,604.00
DMR2TT-1010,TWIN ROCK 2.0 EXTRA-FIRM,DIAMO,MATT,TWIN,DIAMO,246.00
DMR2TT-1020,TWINXL ROCK 2.0 EXTRA-FIRM,DIAMO,MATT,TWINXL,DIAMO,273.00
DMR2TT-1030,FULL ROCK 2.0 EXTRA-FIRM,DIAMO,MATT,FULL,DIAMO,320.00
DMR2TT-1040,FULLXL ROCK 2.0 EXTRA-FIRM,DIAMO,MATT,FULLXL,DIAMO,345.00
DMR2TT-1050,QUEEN ROCK 2.0 EXTRA-FIRM,DIAMO,MATT,QUEEN,DIAMO,345.00
DMR2TT-1070,CAKING ROCK 2.0 EXTRA-FIRM,DIAMO,MATT,CAKING,DIAMO,477.00
DMR2TT-1080,E KING ROCK 2.0 EXTRA-FIRM,DIAMO,MATT,KING,DIAMO,477.00
DMRPFM-1130,"FULL RESTORE+COPPER 12"" MEDIUM",DIAMO,MATT,FULL,DIAMO,554.00
DMRWXF-1050,QUEEN ROCKWELL QUILTED X-FIRM,DIAMO,MATT,QUEEN,DIAMO,750.00
DMRWXF-1070,CAKING ROCKWELL QUILTED X-FIRM,DIAMO,MATT,CAKING,DIAMO,950.00
DMRWXF-1080,E KING ROCKWELL QUILTED X-FIRM,DIAMO,MATT,KING,DIAMO,950.00
DMSLXF-1010,TWIN SLATE EXTRA-FIRM,DIAMO,MATT,TWIN,DIAMO,194.00
DMSLXF-1030,FULL SLATE EXTRA-FIRM,DIAMO,MATT,FULL,DIAMO,257.00
DMSLXF-1050,QUEEN SLATE EXTRA-FIRM,DIAMO,MATT,QUEEN,DIAMO,294.00
DMSLXF-1080,E KING SLATE EXTRA-FIRM,DIAMO,MATT,KING,DIAMO,389.00
DMSNFM-1020,TWINXL SNOWBIRD HYBRID FIRM,DIAMO,MATT,TWINXL,DIAMO,600.00
DMSNFM-1030,FULL SNOWBIRD HYBRID FIRM,DIAMO,MATT,FULL,DIAMO,735.00
DMSNFM-1050,QUEEN SNOWBIRD HYBRID FIRM,DIAMO,MATT,QUEEN,DIAMO,770.00
DMSNFM-1070,CAKING SNOWBIRD HYBRID FIRM,DIAMO,MATT,CAKING,DIAMO,970.00
DMSNFM-1080,E KING SNOWBIRD HYBRID FIRM,DIAMO,MATT,KING,DIAMO,970.00
DMSNME-1030,FULL SNOWBIRD HYBRID MEDIUM,DIAMO,MATT,FULL,DIAMO,735.00
DMSNME-1050,QUEEN SNOWBIRD HYBRID MEDIUM,DIAMO,MATT,QUEEN,DIAMO,770.00
DMTRHF-1050,QUEEN TRANQUILITY HYBRID FIRM,DIAMO,MATT,QUEEN,DIAMO,595.00
DMTRHF-1080,E KING TRANQUILITY HYBRID FIRM,DIAMO,MATT,KING,DIAMO,755.00
DMTRHM-1010,TWIN TRANQUILITY HYBRID MED,DIAMO,MATT,TWIN,DIAMO,460.00
DMTRHM-1030,FULL TRANQUILITY HYBRID MED,DIAMO,MATT,FULL,DIAMO,560.00
DMTRHM-1050,QUEEN TRANQUILITY HYBRID MED,DIAMO,MATT,QUEEN,DIAMO,595.00
DMTRHM-1080,E KING TRANQUILITY HYBRID MED,DIAMO,MATT,KING,DIAMO,755.00
DMTRQF-1010,TWIN TRANQUILITY QUILTED FIRM,DIAMO,MATT,TWIN,DIAMO,485.00
DMTRQF-1020,TWINXL TRANQUILITY QUILTED FM,DIAMO,MATT,TWINXL,DIAMO,510.00
DMTRQF-1030,FULL TRANQUILITY QUILTED FIRM,DIAMO,MATT,FULL,DIAMO,595.00
DMTRQF-1050,QUEEN TRANQUILITY QUILTED FIRM,DIAMO,MATT,QUEEN,DIAMO,630.00
DMTRQF-1070,CAKING TRANQUILITY QUILTED FM,DIAMO,MATT,CAKING,DIAMO,795.00
DMTRQF-1080,E KING TRANQUILITY QUILTED FM,DIAMO,MATT,KING,DIAMO,795.00
DMTRQM-1010,TWIN TRANQUILITY QUILTED MED,DIAMO,MATT,TWIN,DIAMO,485.00
DMTRQM-1020,TWINXL TRANQUILITY QUILTED MED,DIAMO,MATT,TWINXL,DIAMO,510.00
DMTRQM-1050,QUEEN TRANQUILITY QUILTED MED,DIAMO,MATT,QUEEN,DIAMO,630.00
DMTRQM-1070,CAKING TRANQUILITY QUILTED MED,DIAMO,MATT,CAKING,DIAMO,795.00
DMTRQM-1071,SCK TRANQUILITY QUILTED MEDIUM,DIAMO,MATT,SPLCAK,DIAMO,510.00
DMTRQM-1080,E KING TRANQUILITY QUILTED MED,DIAMO,MATT,KING,DIAMO,795.00
DMVAUM-1110,"TWIN AURA 7"" HD FOAM COMFORT",DIAMO,MATT,TWIN,DIAMO,163.00
DMVTOF-1010,TWIN TOPAZ FIRM T/T,DIAMO,MATT,TWIN,DIAMO,89.00
DMVTOF-1020,TWINXL TOPAZ FIRM T/T,DIAMO,MATT,TWINXL,DIAMO,110.00
DMVTOF-1030,FULL TOPAZ FIRM T/T,DIAMO,MATT,FULL,DIAMO,125.00
DMVTOF-1050,QUEEN TOPAZ FIRM T/T,DIAMO,MATT,QUEEN,DIAMO,130.00
DMVTOF-1070,CAKING TOPAZ FIRM T/T,DIAMO,MATT,CAKING,DIAMO,223.00
DMVTOF-1080,E KING TOPAZ FIRM T/T,DIAMO,MATT,KING,DIAMO,223.00
DRB2PT-1070,CAKING DREAM BLISS P/T,DIAMO,MATT,CAKING,DIAMO,620.00
DRBL-PT-Q,QUEEN DREAM BLISS P/T,DIAMO,MATT,QUEEN,DIAMO,374.00
DREAMGRANDFCK,CAKING DREAM GRAND FIRM,DIAMO,MATT,CAKING,DIAMO,798.00
DREAMGRANDFF,FULL DREAM GRAND FIRM,DIAMO,MATT,FULL,DIAMO,582.00
DREAMGRANDFK,E KING DREAM GRAND FIRM,DIAMO,MATT,KING,DIAMO,798.00
DREAMGRANDFQ,QUEEN DREAM GRAND FIRM E/T,DIAMO,MATT,QUEEN,DIAMO,635.00
DREAMGRANDFSP,SPLIT CK GRAND FIRM,DIAMO,MATT,SPLCAK,DIAMO,519.00
DREAMGRANDFT,TWIN DREAM GRAND FIRM,DIAMO,MATT,TWIN,DIAMO,483.00
DREAMGRANDFTXL,TWINXL DREAM GRAND FIRM,DIAMO,MATT,TWINXL,DIAMO,519.00
DREAMGRANDFXL,FULLXL DREAM GRAND FIRM,DIAMO,MATT,FULLXL,DIAMO,616.00
DREAMGRANDK,E KING DREAM GRAND MEDIUM,DIAMO,MATT,KING,DIAMO,798.00
DREAMGRANDMCK,CAKING DREAM GRAND MEDIUM,DIAMO,MATT,CAKING,DIAMO,798.00
DREAMGRANDMF,FULL DREAM GRAND MEDIUM,DIAMO,MATT,FULL,DIAMO,582.00
DREAMGRANDMFXL,FULLXL DREAM GRAND MEDIUM,DIAMO,MATT,FULLXL,DIAMO,616.00
DREAMGRANDMQ,QUEEN DREAM GRAND MEDIUM,DIAMO,MATT,QUEEN,DIAMO,665.00
DREAMGRANDMT,TWIN DREAM GRAND MEDIUM,DIAMO,MATT,TWIN,DIAMO,483.00
DREAMGRANDMTXL,TWINXL DREAM GRAND MEDIUM,DIAMO,MATT,TWINXL,DIAMO,519.00
DREAMGRANDPCK,CAKING DREAM GRAND PLUSH,DIAMO,MATT,CAKING,DIAMO,798.00
DREAMGRANDPF,FULL DREAM GRAND PLUSH,DIAMO,MATT,FULL,DIAMO,582.00
DREAMGRANDPFXL,FULLXL DREAM GRAND PLUSH,DIAMO,MATT,FULLXL,DIAMO,616.00
DREAMGRANDPK,E KING DREAM GRAND PLUSH,DIAMO,MATT,KING,DIAMO,798.00
DREAMGRANDPQ,QUEEN DREAM GRAND PLUSH,DIAMO,MATT,QUEEN,DIAMO,635.00
DREAMGRANDPSP,SPLIT CK DREAM GRAND PS,DIAMO,MATT,SPLCAK,DIAMO,519.00
DREAMGRANDPT,TWIN DREAM GRAND PLUSH,DIAMO,MATT,TWIN,DIAMO,483.00
DREAMGRANDPTXL,TWINXL DREAM GRAND PLUSH,DIAMO,MATT,TWINXL,DIAMO,519.00
DRJ2ME-1010,TWIN JUSTICE MEDIUM T/T,DIAMO,MATT,TWIN,DIAMO,97.00
DRJ2ME-1020,TWINXL JUSTICE MEDIUM T/T,DIAMO,MATT,TWINXL,DIAMO,127.00
DRJ2ME-1030,FULL JUSTICE MEDIUM T/T,DIAMO,MATT,FULL,DIAMO,131.00
DRJ2ME-1050,QUEEN JUSTICE MEDIUM T/T,DIAMO,MATT,QUEEN,DIAMO,138.00
DRJ2ME-1070,CAKING JUSTICE MEDIUM T/T,DIAMO,MATT,CAKING,DIAMO,211.00
DRJ2ME-1080,E KING JUSTICE MEDIUM T/T,DIAMO,MATT,KING,DIAMO,211.00
ENGIA-1070,CAKING ENGIA,DIAMO,MATT,CAKING,DIAMO,0.00
F217-5010,"TWIN OVAL FEATHER FND 8""",DIAMO,FOUND,TWFND,DIAMO,72.00
F217-5020,"TWINXL OVAL FEATHER FND 8""",DIAMO,FOUND,TXLFND,DIAMO,79.00
F217-5030,"FULL OVAL FEATHER FND 8""",DIAMO,FOUND,FUFND,DIAMO,86.00
F217-5050,"QUEEN OVAL FEATHER FND 8""",DIAMO,FOUND,QUFND,DIAMO,98.00
F217-5070,"SPLIT CK OVAL FEATHER FND 8""",DIAMO,FOUND,SCKFND,DIAMO,77.00
F217-5110,"TWIN LP OVAL FEATHER FND 4""",DIAMO,FOUND,TWFND,DIAMO,72.00
F217-5120,"TWINXL LP OVAL FEATHER FND 4""",DIAMO,FOUND,TXLFND,DIAMO,79.00
F217-5130,"FULL LP OVAL FEATHER FND 4""",DIAMO,FOUND,FUFND,DIAMO,86.00
F217-5150,"QUEEN LP OVAL FEATHER FND 4""",DIAMO,FOUND,QUFND,DIAMO,98.00
F217-5170,SPLIT CK LP OVAL FEATHER FND 4,DIAMO,FOUND,SCKFND,DIAMO,77.00
F374-5050,"QUEEN MARCUS FND 8""",DIAMO,FOUND,QUFND,DIAMO,98.00
FBB-5210,"TWIN BB UNIVERSAL GREY FND 2""",DIAMO,FOUND,TWFND,DIAMO,37.00
FBB-5220,"TWINXL BB UNIVERSAL GRE FND 2""",DIAMO,FOUND,TXLFND,DIAMO,42.00
FBB-5230,"FULL BB UNIVERSAL GREY FND 2""",DIAMO,FOUND,FUFND,DIAMO,48.00
FBB-5250,"QUEEN BB UNIVERSAL GREY FND 2""",DIAMO,FOUND,QUFND,DIAMO,62.00
FBB-5270,"SPLIT CK BB UNIVERSAL FND 2""",DIAMO,FOUND,SCKFND,DIAMO,41.00
GGFLME-1010,TWIN FLOAT FOAM MEDIUM,DIAMO,MATT,TWIN,DIAMO,485.00
GGFLME-1020,TWINXL FLOAT FOAM MEDIUM,DIAMO,MATT,TWINXL,DIAMO,485.00
GGFLME-1030,FULL FLOAT FOAM MEDIUM,DIAMO,MATT,FULL,DIAMO,625.00
GGFLME-1050,QUEEN FLOAT FOAM MEDIUM,DIAMO,MATT,QUEEN,DIAMO,675.00
GGFLME-1080,E KING FLOAT FOAM MEDIUM,DIAMO,MATT,KING,DIAMO,825.00
GNDSPL-1080,E KING DUCHESS LUXURY PLUSH,DIAMO,MATT,KING,DIAMO,1135.00
GNHL2P-1080,E KING HERITAGE 2.0 LUXE PLUSH,DIAMO,MATT,KING,DIAMO,1399.00
KEYA,CKING MATT,DIAMO,MATT,CAKING,DIAMO,1.00
LODIFM-101,TWIN DIANA LATEX FIRM,DIAMO,MATT,TWIN,DIAMO,822.00
LODIFM-1020,TWINXL DIANA LATEX FIRM,DIAMO,MATT,TWINXL,DIAMO,822.00
LODIFM-1030,FULL DIANA LATEX FIRM,DIAMO,MATT,FULL,DIAMO,981.00
LODIFM-1050,QUEEN DIANA LATEX FIRM,DIAMO,MATT,QUEEN,DIAMO,1037.00
LODIFM-1070,CAKING DIANA LATEX FIRM,DIAMO,MATT,CAKING,DIAMO,1304.00
LODIFM-1080,E KING DIANA LATEX FIRM,DIAMO,MATT,KING,DIAMO,1304.00
LODIME-1010,TWIN DIANA LATEX MED,DIAMO,MATT,TWIN,DIAMO,822.00
LODIME-1020,TWINXL DIANA LATEX MED,DIAMO,MATT,TWINXL,DIAMO,822.00
LODIME-1030,FULL DIANA LATEX MED,DIAMO,MATT,FULL,DIAMO,981.00
LODIME-1040,FULLXL DIANA LATEX MED,DIAMO,MATT,FULLXL,DIAMO,1038.00
LODIME-1050,QUEEN DIANA LATEX MED,DIAMO,MATT,QUEEN,DIAMO,1037.00
LODIME-1070,CAKING DIANA LATEX MED,DIAMO,MATT,CAKING,DIAMO,1304.00
LODIME-1080,E KING DIANA LATEX MED,DIAMO,MATT,KING,DIAMO,1304.00
LODIME-1171,SPLITCK DIANA LATEX MED,DIAMO,MATT,SPLCAK,DIAMO,822.00
LODIPL-1040,FULLXL DIANA LATEX PLUSH,DIAMO,MATT,FULLXL,DIAMO,1038.00
LODIPL-1050,QUEEN DIANA LATEX PLUSH,DIAMO,MATT,QUEEN,DIAMO,1037.00
LODIPL-1070,CAKING DIANA LATEX PLUSH,DIAMO,MATT,CAKING,DIAMO,1304.00
LODIPL-1080,E KING DIANA LATEX PLUSH,DIAMO,MATT,KING,DIAMO,1304.00
LODIPL-1110,TWIN DIANA LATEX PLUSH,DIAMO,MATT,TWIN,DIAMO,822.00
LOE2FM-1010,TWIN ENVOY GEL FIRM,DIAMO,MATT,TWIN,DIAMO,181.00
LOE2FM-1030,FULL ENVOY GEL FIRM,DIAMO,MATT,FULL,DIAMO,230.00
LOE2PT-1010,TWIN ENVOY GEL PT,DIAMO,MATT,TWIN,DIAMO,209.00
LOJEME-1050,QUEEN JEREMIAH LATEX MED,DIAMO,MATT,QUEEN,DIAMO,726.00
LOL2ET-1010,TWIN LILY GEL MED E/T,DIAMO,MATT,TWIN,DIAMO,237.00
LOL2ET-1020,TWINXL LILY GEL MED E/T,DIAMO,MATT,TWINXL,DIAMO,276.00
LOL2ET-1030,FULL LILY GEL MED E/T,DIAMO,MATT,FULL,DIAMO,314.00
LOL2ET-1050,QUEEN LILY GEL MED E/T,DIAMO,MATT,QUEEN,DIAMO,341.00
LOL2ET-1070,CAKING LILY GEL MED E/T,DIAMO,MATT,CAKING,DIAMO,464.00
LOL2ET-1080,E KING LILY GEL MED E/T,DIAMO,MATT,KING,DIAMO,464.00
LOL2PT-1050,QUEEN LILY PLUSH PILLOW TOP,DIAMO,MATT,QUEEN,DIAMO,371.00
LOL2PT-1080,E KING LILY GEL PILLOW-TOP,DIAMO,MATT,KING,DIAMO,528.00
LOLIFM-1050,QUEEN LILY GEL FIRM T/T,DIAMO,MATT,QUEEN,DIAMO,307.00
LOLUFM-1010,TWIN LUCILLE LATEX FIRM,DIAMO,MATT,TWIN,DIAMO,567.00
LOLUFM-1020,TWINXL LUCILLE LATEX FIRM,DIAMO,MATT,TWINXL,DIAMO,595.00
LOLUFM-1030,FULL LUCILLE LATEX FIRM,DIAMO,MATT,FULL,DIAMO,709.00
LOLUFM-1040,FULLXL LUCILLE LATEX FIRM,DIAMO,MATT,FULLXL,DIAMO,765.00
LOLUFM-1050,QUEEN LUCILLE LATEX FIRM,DIAMO,MATT,QUEEN,DIAMO,765.00
LOLUFM-1070,CAKING LUCILLE LATEX FIRM,DIAMO,MATT,CAKING,DIAMO,952.00
LOLUFM-1080,E KING LUCILLE LATEX FIRM,DIAMO,MATT,KING,DIAMO,952.00
LOLUFM-66X80,OLYMPIC QU. LUCILLE LATEX FM,DIAMO,MATT,CUSTOM,DIAMO,1428.00
LOLUME-1010,TWIN LUCILLE LATEX MED,DIAMO,MATT,TWIN,DIAMO,567.00
LOLUME-1020,TWINXL LUCILLE LATEX MED,DIAMO,MATT,TWINXL,DIAMO,595.00
LOLUME-1030,FULL LUCILLE LATEX MED,DIAMO,MATT,FULL,DIAMO,709.00
LOLUME-1050,QUEEN LUCILLE LATEX MED,DIAMO,MATT,QUEEN,DIAMO,765.00
LOLUME-1070,CAKING LUCILLE LATEX MED,DIAMO,MATT,CAKING,DIAMO,952.00
LOLUME-1080,E KING LUCILLE LATEX MED,DIAMO,MATT,KING,DIAMO,952.00
LOLUPL-1010,TWIN LUCILLE LATEX PLUSH,DIAMO,MATT,TWIN,DIAMO,567.00
LOLUPL-1020,TWINXL LUCILLE LATEX PLUSH,DIAMO,MATT,TWINXL,DIAMO,595.00
LOLUPL-1030,FULL LUCILLE LATEX PLUSH,DIAMO,MATT,FULL,DIAMO,709.00
LOLUPL-1040,FULLXL LUCILLE LATEX PLUSH,DIAMO,MATT,FULLXL,DIAMO,765.00
LOLUPL-1050,QUEEN LUCILLE LATEX PLUSH,DIAMO,MATT,QUEEN,DIAMO,765.00
LOLUPL-1070,CAKING LUCILLE LATEX PLUSH,DIAMO,MATT,CAKING,DIAMO,952.00
LOLUPL-1080,E KING LUCILLE LATEX PLUSH,DIAMO,MATT,KING,DIAMO,952.00
LONAFM-1130,FULL NATASHA FIRM,DIAMO,MATT,FULL,DIAMO,765.00
LONAFM-1150,QUEEN NATASHA FIRM,DIAMO,MATT,QUEEN,DIAMO,822.00
LONAFM-1170,CAKING NATASHA LATEX FIRM,DIAMO,MATT,CAKING,DIAMO,1049.00
LONAFM-1180,E KING NATASHA LATEX FIRM,DIAMO,MATT,KING,DIAMO,1049.00
LONAME-1150,QUEEN NATASHA MEDIUM,DIAMO,MATT,QUEEN,DIAMO,822.00
LONAME-1170,CAKING NATASHA LATEX MEDIUM,DIAMO,MATT,CAKING,DIAMO,1049.00
LONAME-1180,E KING NATASHA LATEX MEDIUM,DIAMO,MATT,KING,DIAMO,1049.00
NLPF12-1110,"TWIN PRO-GEL 12"" HYBRID FIRM",DIAMO,MATT,TWIN,DIAMO,210.00
NLPR08-1110,"TWIN PRO-GEL 8"" GEL MEMORY",DIAMO,MATT,TWIN,DIAMO,150.00
NLPR08-1120,"TWINXL PRO-GEL 8"" GEL MEMORY",DIAMO,MATT,TWINXL,DIAMO,160.00
NLPR08-1130,"FULL PRO-GEL 8"" GEL MEMORY",DIAMO,MATT,FULL,DIAMO,180.00
NLPR08-1140,"FULLXL PRO-GEL 8"" GEL MEMORY",DIAMO,MATT,FULLXL,DIAMO,198.00
NLPR08-1150,"QUEEN PRO-GEL 8"" GEL MEMORY",DIAMO,MATT,QUEEN,DIAMO,198.00
NLPR08-1170,"CAKING PRO-GEL 8"" GEL MEMORY",DIAMO,MATT,CAKING,DIAMO,280.00
NLPR08-1180,"E KING PRO-GEL 8"" GEL MEMORY",DIAMO,MATT,KING,DIAMO,280.00
NLPR10-1110,"TWIN PRO-GEL 10"" GEL MEMORY",DIAMO,MATT,TWIN,DIAMO,175.00
NLPR10-1130,"FULL PRO-GEL 10"" GEL MEMORY",DIAMO,MATT,FULL,DIAMO,225.00
NLPR12-1110,"TWIN PRO-GEL 12"" HYBRID MED",DIAMO,MATT,TWIN,DIAMO,210.00
RA3FCF-1110,TWIN RALLY FOAM COOLING FIRM,DIAMO,MATT,TWIN,DIAMO,435.00
RA3FCF-1120,TWINXL RALLY FOAM COOLING FIRM,DIAMO,MATT,TWINXL,DIAMO,455.00
RA3FCF-1130,FULL RALLY FOAM COOLING FIRM,DIAMO,MATT,FULL,DIAMO,560.00
RA3FCF-1150,QUEEN RALLY FOAM COOLING FIRM,DIAMO,MATT,QUEEN,DIAMO,600.00
RA3FCF-1170,CAKING RALLY FOAM COOLING FIRM,DIAMO,MATT,CAKING,DIAMO,750.00
RA3FCF-1180,E KING RALLY FOAM COOLING FIRM,DIAMO,MATT,KING,DIAMO,750.00
RA3FCM-1110,TWIN RALLY FOAM COOLING MED,DIAMO,MATT,TWIN,DIAMO,435.00
RA3FCM-1120,TWINXL RALLY FOAM COOLING MED,DIAMO,MATT,TWINXL,DIAMO,455.00
RA3FCM-1130,FULL RALLY FOAM COOLING MED,DIAMO,MATT,FULL,DIAMO,560.00
RA3FCM-1150,QUEEN RALLY FOAM COOLING MED,DIAMO,MATT,QUEEN,DIAMO,600.00
RA3FCM-1170,CAKING RALLY FOAM COOLING MED,DIAMO,MATT,CAKING,DIAMO,750.00
RA3FCM-1180,E KING RALLY FOAM COOLING MED,DIAMO,MATT,KING,DIAMO,750.00
RA3FCP-1120,TWINXL RALLY FOAM COOLING PS,DIAMO,MATT,TWINXL,DIAMO,455.00
RA3FCP-1150,QUEEN RALLY FOAM COOLING PLUSH,DIAMO,MATT,QUEEN,DIAMO,600.00
RA3FCP-1180,E KING RALLY FOAM COOLING PS,DIAMO,MATT,KING,DIAMO,750.00
RA3HCF-1110,TWIN RALLY HYBRID COOL FIRM,DIAMO,MATT,TWIN,DIAMO,415.00
RA3HCF-1120,TWINXL RALLY HYBRID COOL FIRM,DIAMO,MATT,TWINXL,DIAMO,435.00
RA3HCF-1130,FULL RALLY HYBRID COOL FIRM,DIAMO,MATT,FULL,DIAMO,530.00
RA3HCF-1150,QUEEN RALLY HYBRID COOL FIRM,DIAMO,MATT,QUEEN,DIAMO,575.00
RA3HCF-1171,SPLITCK RALLY HYBRID COOL FIRM,DIAMO,MATT,SPLCAK,DIAMO,435.00
RA3HCF-1180,E KING RALLY HYBRID COOL FIRM,DIAMO,MATT,KING,DIAMO,725.00
RA3HCF-FXL,FULLXL RALLY HYBRID COOL FIRM,DIAMO,MATT,FULLXL,DIAMO,575.00
RA3HCM-1110,TWIN RALLY HYBRID COOL MED,DIAMO,MATT,TWIN,DIAMO,415.00
RA3HCM-1120,TWINXL RALLY HYBRID COOL MED,DIAMO,MATT,TWINXL,DIAMO,435.00
RA3HCM-1130,FULL RALLY HYBRID COOL MED,DIAMO,MATT,FULL,DIAMO,530.00
RA3HCM-1150,QUEEN RALLY HYBRID COOL MED,DIAMO,MATT,QUEEN,DIAMO,575.00
RA3HCM-1170,CAKING RALLY HYBRID COOL MED,DIAMO,MATT,CAKING,DIAMO,725.00
RA3HCM-1180,E KING RALLY HYBRID COOL MED,DIAMO,MATT,KING,DIAMO,725.00
RA3HCM-FXL,FULLXL RALLY HYBRID COOL MED,DIAMO,MATT,FULLXL,DIAMO,575.00
RA3HCP-1120,TWINXL RALLY HYBRID COOL PLUSH,DIAMO,MATT,TWINXL,DIAMO,435.00
RA3HCP-1150,QUEEN RALLY HYBRID COOL PLUSH,DIAMO,MATT,QUEEN,DIAMO,575.00
RA3HCP-1170,CAKING RALLY HYBRID COOL PLUSH,DIAMO,MATT,CAKING,DIAMO,725.00
RA3HCP-FXL,FULLXL RALLY HYBRID COOL PLUSH,DIAMO,MATT,FULLXL,DIAMO,575.00
SURFSIDEFMQ,QUEEN SURFSIDE FIRM,DIAMO,MATT,QUEEN,DIAMO,286.00
TGARM3-1050,QUEEN TECHNOGEL ARMONIA 3.0,DIAMO,MATT,QUEEN,DIAMO,1695.00
TGEST3-1050,QUEEN TECHNOGEL ESTASI 3.0,DIAMO,MATT,QUEEN,DIAMO,1925.00
TGEST3-1080,E KING TECHNOGEL ESTASI 3.0,DIAMO,MATT,KING,DIAMO,2210.00
TGFAV3-1080,E KING TECHNOGEL FAVOLA 3.0,DIAMO,MATT,KING,DIAMO,2550.00
TGFAV3-10SPH80,E KINGSPH TECHNOGEL FAVOLA 3.0,DIAMO,MATT,KING,DIAMO,2750.00
TGMELH-1050,QUEEN TECHNOGEL MELODIA HYBR.,DIAMO,MATT,QUEEN,DIAMO,1335.00
ZADJU11-0050,QUEEN ADJUST ES600,DIAMO,ADJUST,QUADJ,DIAMO,583.00
ZADJU11-0080,E KING 1-PC ADJUST ES600,DIAMO,ADJUST,EKADJ,DIAMO,695.00
ZADJU12-0050,QUEEN ELEVATE KIT,DIAMO,ADJUST,ADJBAS,DIAMO,225.00
ZADJU12-0080,E KING 1-PC ELEVATE KIT,DIAMO,ADJUST,ADJBAS,DIAMO,285.00
6434-5/0,QUEEN LIFETIME PERMATUFT FIRM,EASTMAN,MATT,QUEEN,BIA,605.00
6730-6/6,E KING GREENWOOD E/T,EASTMAN,MATT,KING,BIA,675.00
6755-4/6,FULL SEVILLE LATEX EXTRA-FIRM,EASTMAN,MATT,FULL,BIA,335.00
6756-4/6,FULL SEVILLE LATEX LUX FIRM,EASTMAN,MATT,FULL,BIA,335.00
6756-5/0,QUEEN SEVILLE LATEX LUX FIRM,EASTMAN,MATT,QUEEN,BIA,390.00
6756-6/6,E KING SEVILLE LATEX LUX FIRM,EASTMAN,MATT,KING,BIA,510.00
6757-5/0,QUEEN SEVILLE LATEX PLUSH,EASTMAN,MATT,QUEEN,BIA,390.00
6757-6/6,E KING SEVILLE LATEX PLUSH,EASTMAN,MATT,KING,BIA,510.00
7701-3/3,TWIN MICAH EXTRA-FIRM,EASTMAN,MATT,TWIN,BIA,220.00
7701-39X84,SPLIT CK MICAH EXTRA-FIRM,EASTMAN,MATT,SPLCAK,BIA,235.00
7701-3X,TWINXL MICAH EXTRA-FIRM,EASTMAN,MATT,TWINXL,BIA,235.00
7701-4/6,FULL MICAH EXTRA-FIRM,EASTMAN,MATT,FULL,BIA,303.00
7701-4XL,FULLXL MICAH EXTRA-FIRM,EASTMAN,MATT,FULLXL,BIA,358.00
7701-5/0,QUEEN MICAH EXTRA-FIRM,EASTMAN,MATT,QUEEN,BIA,358.00
7701-6/6,E KING MICAH EXTRA-FIRM,EASTMAN,MATT,KING,BIA,468.00
7701-6/7,CAKING MICAH EXTRA-FIRM,EASTMAN,MATT,CAKING,BIA,468.00
7703-3/3,TWIN MICAH FIRM,EASTMAN,MATT,TWIN,BIA,220.00
7703-36X84,SPLIT CK MICAH FIRM,EASTMAN,MATT,SPLCAK,BIA,235.00
7703-3X,TWINXL MICAH FIRM,EASTMAN,MATT,TWINXL,BIA,235.00
7703-4/6,FULL MICAH FIRM,EASTMAN,MATT,FULL,BIA,303.00
7703-4XL,FULLXL MICAH FIRM,EASTMAN,MATT,FULLXL,BIA,358.00
7703-5/0,QUEEN MICAH FIRM,EASTMAN,MATT,QUEEN,BIA,358.00
CM7200IV-HB-FQ,LEEROY,FOA,FURN,HBOARD,FOA,85.00
MT-FRM40-TXL,TWINXL FRAMOS BED FRAME,FOA,BED,BEDFRA,FOA,112.00
CM7200LB-HB-T,TWIN/TWINXL LEEROY II HB,FOA,FURN,HBOARD,FOA,49.00
CM7880GY-HB,QUEEN HASSELT GREY HEADBOARD,FOA,FURN,HBOARD,FOA,79.00
CM1477GY-BED,LYCORIS DAYBED,FOA,FURN,DAYBED,FOA,299.00
CM7386BK-D,LENNART BLACK DRESSER,FOA,FURN,BED,FOA,249.00
CM7416GY-F,FULL ALISON BED GRAY,FOA,FURN,BED,FOA,185.00
FM1206GR-BED,NARDI TWIN DAYBED W/ TRUNDLE,FOA,FURN,DAYBED,FOA,299.00
PL677YW-2PK,FIFI PILLOW,FOA,PILLOW,PILLOW,FOA,37.00
CM-FC606,SHERMAN OFFICE CHAIR,FOA,FURN,LIVING,FOA,66.00
AM7971-Q,QUEEN ILA HEADBOARD,FOA,FURN,HBOARD,FOA,119.00
AM7971F,FULL ILA HEADBOARD,FOA,FURN,HBOARD,FOA,109.00
AM7971WH-EK,E KING WHITE ROCKWALL HB,FOA,FURN,HBOARD,FOA,203.00
AM7971WH-Q,QUEEN WHITE ROCKWALL HEADBOARD,FOA,FURN,HBOARD,FOA,119.00
CM7008EX-Q,QUEEN WINN PARK BED,FOA,FURN,BED,FOA,104.00
CM7051GR-HB-FQ,QN/FL HERSTAL GREEN HEADBOARD,FOA,FURN,HBOARD,FOA,65.00
CM7160BK-Q,QUEEN BLACK CARLY PLAT. BED,FOA,FURN,BED,FOA,203.00
CM7195N,LORAINE NIGHT STAND,FOA,FURN,BED,FOA,214.00
CM7386A-Q,QUEEN LENNART OAK BED,FOA,FURN,BED,FOA,219.00
CM7545CK,CAKING BED CM7545CK,FOA,FURN,BED,FOA,398.00
CM7556N,DAPHNE NIGHTSTAND,FOA,FURN,BED,FOA,85.00
CM7580GY-N,BERENICE NIGHTSTAND GRAY,FOA,FURN,BED,FOA,104.00
CM7628N,JANEIRO RUSTIC NIGHTSTAND,FOA,FURN,BED,FOA,123.00
CM7880BG-HB-FQ,FULL/QUEEN HASSELT HEADBOARD,FOA,FURN,HBOARD,FOA,79.00
CM7880GY-HB-EK,E KING GREY HASSELT HB,FOA,FURN,HBOARD,FOA,99.00
FM7213WN-Q-BED,QUEEN KIRKHAM BED,FOA,FURN,BED,FOA,169.00
L731201,ZOE TABLE LAMP BLACK,FOA,FURN,LIVING,FOA,56.00
L76297,JESSICA TABLE LAMP CHAMPAGNE,FOA,FURN,LIVING,FOA,56.00
L78106ES-2PK,SUZY TABLE LAMP (2/B0X),FOA,FURN,LIVING,FOA,94.00
RG1037,GRESFORD AREA RUG BEIGE/GRAY,FOA,FURN,RUGS,FOA,151.00
RG5189M,MED DEVELI AREA RUG GRAY,FOA,FURN,RUGS,FOA,199.00
RG5189S,SMALL DEVELI AREA RUG GRAY,FOA,FURN,RUGS,FOA,104.00
RG5194M,MED DEVELI AREA RUG CHARCOAL,FOA,FURN,RUGS,FOA,199.00
RG5194S,SMALL DEVELI AREA RUG CHARCOAL,FOA,FURN,RUGS,FOA,104.00
